Row,Col,Well,Name,Type,pred_label,MaxEx,MaxRFU,MaxEm,MaxRFU.1,ObservedStokesShift,task_sq_err,base_seq_well,base_seq_name,base_seq,base_mutations,opt_seq_well,opt_seq_name,opt_seq,opt_mutations,obj_val,base_pred_label,opt_pred_label,acq_type,task,base_name,base_ex_max,base_em_max,base_quantum_yield,base_brightness,base_aliases,stokes_delta,log_max_rfu
A,1,A01,Aquamarine_001,Base,57.448524,436,7228788,484,24385016,48,89.27460577857599,A01,Aquamarine_001,VSKGEELFTGVVPILVELDGDVNGHKFSVSGEGEGDATYGKLTLKFICTTGKLPVPWPTLVTTLSWGVQCFSRYPDHMKQHDFFKSAMPEGYVQERTIFFKDDGNYKTRAEVKFEGDTLVNRIELKGIDFKEDGNILGHKLEYNYISGNVYITADKQKNGIKANFKIRHNIEDGSVQLADHYQQNTPIGDGPVLLPDNHYLSTQSALSKDPNEKRDHMVLLEFVTAAGITLGMDELYK,0M-0MsubV+63F-63FsubL+65Y-65YsubW+145N-145NsubI+147H-147HsubG+152M-152MsubT+162V-162VsubA+230H-230HsubL,B01,Aquamarine_002,VSKGEELFTGVVPILVELDGDVNGHKFSVSGEGEGDASYGKLTLKFICTTGKLPVPWPTLVTTLSYGVQCFSRYPDHMKQHDFFKSAMPEGYVQERTIFFKDDGNYKTCRAEVKFEGDTLVNRIELKGIDFKEDGNILGHKLEYNYISGNVYITADKQKNGIKANFKIRHNIEDGSVQLADHYQQNTPIGDGPVLLPDNHYLSTQSALSKDPNEKRDHMVLLEFVTAAGITLGMDELYK,37T-37TsubS+65W-65WsubY+108R-108RsubCR,1.6205708,57.448524,89.78497,ucb_0.1,Stokes Shift,Aquamarine,430.0,474.0,0.89,23.14,,0,15.793581945227883
A,4,A04,GFPmut2_001,Base,24.09724,480,10303531,508,10016840,28,15.231535617600006,A04,GFPmut2_001,SKGEELFTGVVPILVELDGDVNGHKFSVSGEGEGDATYGKLTLKFICTTGKLPVPWPTLVTTFAYGLQCFARYPDHMKQHDFFKSAMPEGYVQERTIFFKDDGNYKTRAEVKFEGDTLVNRIELKGIDFKEDGNILGHKLEYNYNSHNVYIMADKQKNGIKVNFKIRHNIEDGSVQLADHYQQNTPIGDGPVLLPDNHYLSTQSALSKDPNEKRDHMVLLEFVTAAGITHGMDELYK,0M-0Mdel+64S-64SsubA+67V-67VsubL+71S-71SsubA,B04,GFPmut2_002,SKGEELFTGVVPILVELDGDVNGHKFSVSGEGEGDATYGKLTLKFICTTGKLPVPWPTLVTTFAVGLQCFARYPDHMKQHDFFKSAMPEGYVQERTIFFKDDGNYKTRAEVKFEGDTLVNRIELKGIDFKEDGNILGHKLEYNYNSHNVYIMADKQWKNGIKVNFKIRHNIEDGSVQLADHYQQNTPIGDGPVLLPDNHYLSTQSALSKDPNEKRDHMVLLEFVTAAGITHGMDELYK,64Y-64YsubV+156K-156KsubWK,0.09122519,24.09724,42.404495,control,Stokes Shift,GFPmut2,485.0,508.0,0.73,39.35,,0,16.147997209986027
A,8,A08,SGFP2_001,Base,15.554981,498,13507384,512,27709838,14,2.417965910360999,A08,SGFP2_001,VSKGEELFTGVVPILVELDGDVNGHKFSVSGEGEGDATYGKLTLKFICTTGKLPVPWPTLVTTLTYGVQCFARYPDHMKQHDFFKSAMPEGYVQERTIFFKDDGNYKTRAEVKFEGDTLVNRIELKGIDFKEDGNILGHKLEYNYNSHNVYITADKQKNGIKANFKIRHNIEDGGVQLADHYQQNTPIGDGPVLLPDNHYLSTQSKLSKDPNEKRDHMVLLEFVTAAGITLGMDELYK,0M-0MsubV+63F-63FsubL+64S-64SsubT+71S-71SsubA+152M-152MsubT+162V-162VsubA+174S-174SsubG+205A-205AsubK+230H-230HsubL,B08,SGFP2_002,PSKGEELFTGVVPILVELDGDVNGHKFSVSGEGEGDATYGKLTLKFICTTGKLPVPWPTLVTTLSYGVQCFARYPDHMSQHDFFKSAMPEGYVQERTIFFKDDGNYKTRAEVKFEGDTLVNRIELKGIDFKEDGNILGHKLEYNYNSHNVYITADKQKNGIKANFKIRHNIEDGGVQLADHYQQNTPIGDGPVLLPDNHYLSTQSKLSKDPNEKRDHMVLLEFVTAAGITLGMDELYK,0V-0VsubP+64T-64TsubS+78K-78KsubS,1.513793,15.554981,86.61186,ucb_0.1,Stokes Shift,SGFP2,495.0,512.0,0.7,32.2,,0,16.4187470568419
A,9,A09,SYFP2_001,Base,14.846407,514,84353528,530,3002488,16,1.3307768096490018,A09,SYFP2_001,VSKGEELFTGVVPILVELDGDVNGHKFSVSGEGEGDATYGKLTLKLICTTGKLPVPWPTLVTTLGYGVQCFARYPDHMKQHDFFKSAMPEGYVQERTIFFKDDGNYKTRAEVKFEGDTLVNRIELKGIDFKEDGNILGHKLEYNYNSHNVYITADKQKNGIKANFKIRHNIEDGGVQLADHYQQNTPIGDGPVLLPDNHYLSYQSKLSKDPNEKRDHMVLLEFVTAAGITLGMDELYK,0M-0MsubV+45F-45FsubL+63F-63FsubL+64S-64SsubG+71S-71SsubA+152M-152MsubT+162V-162VsubA+174S-174SsubG+202T-202TsubY+205A-205AsubK+230H-230HsubL,B09,SYFP2_002,VSKGEELFTGVVPILVELDGDVNGHKFSVSGEGEGDATYGKLTLKLICTTGKLPVPWPTLVTTLSYGVQCFARYPDHSKQHDFFKSAMPEGYVQERTIFFKDDGNYKTRAEVKFEGDTLVNRIELKGIDFKEDGNILGHKLEYNYNSHNVYITADKQKNGIKANFKIRHNIEDGGVQLADHYQQNTPIGDGPVLLPDNHYLSYISKLSKDPNEKRDHMVLLEFVTAAGITLGMDELYK,64G-64GsubS+77M-77MsubS+203Q-203QsubI,1.4820668,14.846407,85.515,ucb_0.1,Stokes Shift,SYFP2,515.0,527.0,0.68,68.68,mVenus NB,0,18.25052719180772
B,3,B03,Clover_001,Base,17.219091,504,34167872,520,11017540,16,1.486182866280997,B03,Clover_001,VSKGEELFTGVVPILVELDGDVNGHKFSVRGEGEGDATNGKLTLKFICTTGKLPVPWPTLVTTFGYGVACFSRYPDHMKQHDFFKSAMPEGYVQERTISFKDDGTYKTRAEVKFEGDTLVNRIELKGIDFKEDGNILGHKLEYNFNSHNVYITADKQKNGIKANFKIRHNVEDGSVQLADHYQQNTPIGDGPVLLPDNHYLSHQSALSKDPNEKRDHMVLLEFVTAAGITHGMDELYK,0M-0MsubV+29S-29SsubR+38Y-38YsubN+64S-64SsubG+68Q-68QsubA+98F-98FsubS+104N-104NsubT+144Y-144YsubF+152M-152MsubT+162V-162VsubA+170I-170IsubV+202T-202TsubH,C03,Clover_002,VSKGEELFTGVVPILVELDGDVNGHKFSVRGEGEGDATNGKLTLKFICTTGKLPVPWPTLVTTFSYGVACFSRYPDHMKQVDFFKSAMPEGYVQERTISFKDDGTYKTRAEVKFEGDTLVNRIELKGIDFKEDGNILGHKLEYNFNSHNVYITADKQKNGIKANFKIRHNVEDGSVQLADHYQQNTPIGDGPVLLPDNHYLSHQSALSKDPNEKRDHMVLLEFVTAASITHGMDELYK,64G-64GsubS+80H-80HsubV+227G-227GsubS,1.3923261,17.219091,82.55067,ucb_0.1,Stokes Shift,Clover,505.0,515.0,0.76,84.36,,0,17.34679634530115
B,5,B05,mEGFP_001,Base,16.918987,486,1680363,502,4058505,16,0.8445371061690025,B05,mEGFP_001,VSKGEELFTGVVPILVELDGDVNGHKFSVSGEGEGDATYGKLTLKFICTTGKLPVPWPTLVTTLTYGVQCFSRYPDHMKQHDFFKSAMPEGYVQERTIFFKDDGNYKTRAEVKFEGDTLVNRIELKGIDFKEDGNILGHKLEYNYNSHNVYIMADKQKNGIKVNFKIRHNIEDGSVQLADHYQQNTPIGDGPVLLPDNHYLSTQSKLSKDPNEKRDHMVLLEFVTAAGITLGMDELYK,0M-0MsubV+63F-63FsubL+64S-64SsubT+205A-205AsubK+230H-230HsubL,C05,mEGFP_002,VSKGEELFTGVVPILVELDGDVNGHKFSVSGEGEGDATYGKLTLKFICTTGKLPVPWPTLVTTLSYGVQCFSARYPDHMKQHDFFKSAMPEGYVQERTIFFKDDGNYKTRAEVKFEGDTLVNRIELKGIDFKEDGNILGHKLEYNYNSHNVYIMADKQKNGIKVNFKIRHNIEDGSVQLADHYQQNTPIGDGPVLLPDNHYLSTQSKLSKDPNEKRDHMVLLEFWVTAAGITLGMDELYK,64T-64TsubS+72R-72RsubAR+223V-223VsubWV,1.5664146,16.918987,88.19823,ucb_0.1,Stokes Shift,mEGFP,488.0,507.0,0.6,33.6,,0,14.334520399467944
B,6,B06,moxGFP_001,Base,22.575031,484,15246335,510,12910128,26,11.730412650961005,B06,moxGFP_001,VSKGEELFTGVVPILVELDGDVNGHKFSVRGEGEGDATNGKLTLKFISTTGKLPVPWPTLVTTLTYGVQSFSRYPDHMKRHDFFKSAMPEGYVQERTISFKDDGTYKTRAEVKFEGDTLVNRIELKGIDFKEDGNILGHKLEYNFNSHNVYITADKQKNGIKANFKIRHNVEDGSVQLADHYQQNTPIGDGPVLLPDNHYLSTQSKLSKDPNEKRDHMVLLEFVTAAGITHGMDELYK,0M-0MsubV+29S-29SsubR+38Y-38YsubN+47C-47CsubS+63F-63FsubL+64S-64SsubT+69C-69CsubS+79Q-79QsubR+98F-98FsubS+104N-104NsubT+144Y-144YsubF+152M-152MsubT+162V-162VsubA+170I-170IsubV+205A-205AsubK,C06,moxGFP_002,VSKGEELFTGVVPILVELDGDVNHKFSVRGEGEGDASNGKLTLKFISTTGKLPVPWPTLVTTLSYGVQSFSRYPDHMKRHDFFKSAMPEGYVQERTISFKDDGTYKTRAEVKFEGDTLVNRIELKGIDFKEDGNILGHKLEYNFNSHNVYITADKQKNGIKANFKIRHNVEDGSVQLADHYQQNTPIGDGPVLLPDNHYLSTQSKLSKDPNEKRDHMVLLEFVTAAGITHGMDELYK,23G-23Gdel+37T-37TsubS+64T-64TsubS,1.6112045,22.575031,89.341385,ucb_0.1,Stokes Shift,moxGFP,486.0,510.0,0.58,50.46,,0,16.53984970426547
B,7,B07,muGFP_001,Base,18.891008,484,18425194,506,8675551,22,9.665831256064005,B07,muGFP_001,SKGEELFTGVVPILVELDGDVNGHKFSVRGEGEGDATNGKLTLKFICTTGKLPVPWPTLVTTLTYGVLCFSRYPDHMKRHDFFKSAMPEGYVQERTISFKDDGTYKTRAEVKFEGDTLVNRIELKGIDFKEDGNILGHKLEYNFNSHNVYITADKQKNGIKAYFKIRHNVEDGSVQLADHYQQNTPIGDGPVLLPDNHYLSTQSVLSKDPNEKRDHMVLLEDVTAAGITHGMDELYK,0M-0Mdel+29S-29SsubR+38Y-38YsubN+63F-63FsubL+64S-64SsubT+68Q-68QsubL+79Q-79QsubR+98F-98FsubS+104N-104NsubT+144Y-144YsubF+152M-152MsubT+162V-162VsubA+163N-163NsubY+170I-170IsubV+205A-205AsubV+222F-222FsubD,C07,muGFP_002,SKGEELFTGVVPILVELDGDVNGHKFSVRGEGEGDATNGKLTLKFICTTGKLPVPWPTLVTTLSYGVLCFSRYPDHMKRHDFFKSAMPEGYVQERTISFKDDGYKTRAEVKFEGDTLVNRIILKGIDFKEDGNILGHKLEYNFNSHNVYITADKQKNGIKAYFKIRHNVEDGSVQLADHYQQNTPIGDGPVLLPDNHYLSTQSVLSKDPNEKRDHMVLLEDVTAAGITHGMDELYK,63T-63TsubS+103T-103Tdel+122E-122EsubI,1.5287409,18.891008,87.02584,ucb_0.1,Stokes Shift,muGFP,490.0,508.0,0.45,52.65,monomeric ultra-stable GFP,0,16.729229525156562
B,11,B11,WasCFP_001,Base,33.63477,404,905892,488,3789142,84,2536.6563929528998,B11,WasCFP_001,VSKGEELFTGVVPILVELDGDVNGHKFSVSGEGEGDATYGKLTLKFICTTGKLPVPWPTLKTTLTWGVQCFARYPDHMKQHDFFKSAMPEGYVQERTIFFKDDGNYKTRAEVKFEGDTLVNRIELKGIDFKEDGNILGHKLEYNAISGNVNITADKQKNGIKANFKIRHNIEDGSVQLADHYQQNTPIGDGPVLLPDNHYLSTQSKQSKDPNEKRDHMVLLEFVTAAGITLGMDELYK,0M-0MsubV+60V-60VsubK+63F-63FsubL+64S-64SsubT+65Y-65YsubW+71S-71SsubA+144Y-144YsubA+145N-145NsubI+147H-147HsubG+150Y-150YsubN+152M-152MsubT+162V-162VsubA+205A-205AsubK+206L-206LsubQ+230H-230HsubL,C11,WasCFP_002,VSKGEELFTGVVILVELDGDVNGHKFSVSGEGEGDATYGKLTLKFICTTGKLPVPWPTLKTTLTWGVQCFARYPDHGKQHDFFKSAMPEGYVQERTIFFKDDGNKYKTRAEVKFEGDTLVNRIELKGIDFKEDGNILGHKLEYNAISGNVNITADKQKNGIKANFKIRHNIEDGSVQLADHYQQNTPIGDGPVLLPDNHYLSTQSKQSKDPNEKRDHMVLLEFVTAAGITLGMDELYK,12P-12Pdel+77M-77MsubG+105Y-105YsubKY,-0.1990154,33.63477,33.704117,control,Stokes Shift,WasCFP,494.0,505.0,0.85,43.35,W in anionic state CFP,0,13.716675372621587
C,1,C01,avGFP,Base,86.42746,396,3818621,510,21304386,114,760.2449620516002,C01,avGFP,MSKGEELFTGVVPILVELDGDVNGHKFSVSGEGEGDATYGKLTLKFICTTGKLPVPWPTLVTTFSYGVQCFSRYPDHMKQHDFFKSAMPEGYVQERTIFFKDDGNYKTRAEVKFEGDTLVNRIELKGIDFKEDGNILGHKLEYNYNSHNVYIMADKQKNGIKVNFKIRHNIEDGSVQLADHYQQNTPIGDGPVLLPDNHYLSTQSALSKDPNEKRDHMVLLEFVTAAGITHGMDELYK,,D01,avGFP_002,SEGEELFTGVVPILVELDGDVNGHKFSVSGEGEGDATYGKLALKFICTTGKLPVPWPTLVTTLSYGVQCFSRYPDHMKQHDFFKSAMPEGYVQERTIFFKDDGNYKTRAEVKFEGDTLVNRIELKGIDFKEDGNILGHKLEYNYNSHNVYIMADKQKNGIKVYFKIRHNIEDGSVQLADHYQQNTPIGDGPVLLPDNHYLSTQSALSKDPNEKRDHMVLLEFVTAAGITHGMDELYK,,1.5305736,86.42746,86.435585,localfl,Stokes Shift,,,,,,,0,15.155399920644065
C,4,C04,mCerulean3_001,Base,55.85608,434,5614378,484,19441828,50,34.29367296639998,C04,mCerulean3_001,VSKGEELFTGVVPILVELDGDVNGHKFSVSGEGEGDATYGKLTLKFICTTGKLPVPWPTLVTTLSWGVQCFARYPDHMKQHDFFKSAMPEGYVQERTIFFKDDGNYKTRAEVKFEGDTLVNRIELKGIDFKEDGNILGHKLEYNAIHGNVYITADKQKNGIKANFGLNCNIEDGSVQLADHYQQNTPIGDGPVLLPDNHYLSTQSKLSKDPNEKRDHMVLLEFVTAAGITLGMDELYK,0M-0MsubV+63F-63FsubL+65Y-65YsubW+71S-71SsubA+144Y-144YsubA+145N-145NsubI+146S-146SsubH+147H-147HsubG+152M-152MsubT+162V-162VsubA+165K-165KsubG+166I-166IsubL+167R-167RsubN+168H-168HsubC+205A-205AsubK+230H-230HsubL,D04,mCerulean3_002,VSKGEELSTGVVPILVELDGDVNGHKFSVSGEGEGDATYGKLTLKFICTTGKLPVPWPTLVTTLSYGVQCFARYPDHMKQHDFFKSAMPEGYVQERTIFFKDDGNYKTRAEVKFEGDTLVNRIELKGIDFKEDGNILGHKLEYNAIHGNVYITADKQKNGIKANFGLNCNIEDGSVQLADHYQQNTPIGDGPVLLPDNHYLSIQSKLSKDPNEKRDHMVLLEFVTAAGITLGMDELYK,7F-7FsubS+65W-65WsubY+202T-202TsubI,1.5421183,55.85608,87.38562,ucb_0.1,Stokes Shift,mCerulean3,433.0,475.0,0.87,34.8,,0,15.540841365308113
C,8,C08,SGFP2(206A)_001,Base,16.941002,498,16784178,512,33673508,14,8.649492764004005,C08,SGFP2(206A)_001,VSKGEELFTGVVPILVELDGDVNGHKFSVSGEGEGDATYGKLTLKFICTTGKLPVPWPTLVTTLTYGVQCFARYPDHMKQHDFFKSAMPEGYVQERTIFFKDDGNYKTRAEVKFEGDTLVNRIELKGIDFKEDGNILGHKLEYNYNSHNVYITADKQKNGIKANFKIRHNIEDGGVQLADHYQQNTPIGDGPVLLPDNHYLSTQSALSKDPNEKRDHMVLLEFVTAAGITLGMDELYK,0M-0MsubV+63F-63FsubL+64S-64SsubT+71S-71SsubA+152M-152MsubT+162V-162VsubA+174S-174SsubG+230H-230HsubL,D08,SGFP2(206A)_002,VSKGEELFTGVVPILVELDDVNGHKFSVSGEGEGDATYGKLTLKFICTTGKLPVPWPTLVTTLSYGVQCFARYPDHMKQHDFFKSAMPEGYVQERTIFFKDDGNYKTRAEVKFEGDTLVNRIELKGIDFKEDVNILGHKLEYNYNSHNVYITADKQKNGIKANFKIRHNIEDGGVQLADHYQQNTPIGDGPVLLPDNHYLSTQSALSKDPNEKRDHMVLLEFVTAAGITLGMDELYK,19G-19Gdel+64T-64TsubS+133G-133GsubV,1.4949512,16.941002,86.02258,ucb_0.1,Stokes Shift,SGFP2(206A),496.0,512.0,0.69,30.36,,0,16.635947214900398
C,9,C09,T-Sapphire_001,Base,98.33661,394,6726030,512,35772548,118,386.64890629210026,C09,T-Sapphire_001,VSKGEELFTGVVPILVELDGDVNGHKFSVSGEGEGDATYGKLTLKFICTTGKLPVPWPTLVTTFSYGVMVFARYPDHMKQHDFFKSAMPEGYVQERTIFFKDDGNYKTRAEVKFEGDTLVNRIELKGIDFKEDGNILGHKLEYNFNSHNVYIMADKQKNGIKANFKIRHNIEDGGVQLADHYQQNTPIGDGPVLLPDNHYLSIQSALSKDPNEKRDHMVLLEFVTAAGITLGMDELYK,0M-0MsubV+68Q-68QsubM+69C-69CsubV+71S-71SsubA+144Y-144YsubF+162V-162VsubA+174S-174SsubG+202T-202TsubI+230H-230HsubL,D09,T-Sapphire_002,VSKGEELFTGVVPILVELDGDVNGHKFSVSGEGEGDATYGKLTLKFICTTGKLPVPWPTLVTTFSYGVMVFARYPDHMKQHDFFKSAMPEGYVQERTIFFKDDGNYKTRAEVKFEGDTLVNRIELKGIDFKEDGNILGHKLEYNFNSHNVYIMADKQKNGIKANFKIRHNIEDGGVQLADHYQQNTPIGDGPVLLPDNHYLSIQSALSKDPNSKRDHMVLLEFVSTASAGITLGMDELYK,212E-212EsubS+224T-224TsubST+226A-226AsubSA,2.286642,98.33661,109.28223,ucb_0.1,Stokes Shift,T-Sapphire,399.0,511.0,0.6,26.4,,0,15.721495631575705
C,10,C10,Turquoise-GL_001,Base,56.55759,428,1721813,486,6719664,58,2.080546608100007,C10,Turquoise-GL_001,VSKGEELFTGVVPILVELDGDVNGHKFSVSGEGEGDATYGKLTLKFICTTGKLPVPWPTLVTTLSWGVQCFARYPDHMKQHDFFKSAMPEGYVQERTIFFKDDGNYKTRAEVKFEGDTLVNRIELKGIDFKEDGNILGHKLEYNYISGNVYITADKQKNGIKANFKIRHNIEDGGVQLADHYQQNTPIGDGPVLLPDNHYLSTQSALSKDPNEKRDHMVLLEFLTAAGITLGMDELYK,0M-0MsubV+63F-63FsubL+65Y-65YsubW+71S-71SsubA+145N-145NsubI+147H-147HsubG+152M-152MsubT+162V-162VsubA+174S-174SsubG+223V-223VsubL+230H-230HsubL,D10,Turquoise-GL_002,VSKGEELFTGVVPILVELDGDVNGHKFSVSGEGEGDATYGKLTLKFICTTGKLPVPWPTLVTTLSYGVQCFARYPDHMKQHDFFKSAMPEGYVQERTIFFKDDGNYKTRAEVKFEGDTLVNRIELKGIDFKEDGNILGHKLEYNYISGNVYITADKQKNGIKANFKIRHNIPDGGVQLADHYQQNTPIGDGPVLLPDNHYLSTIQSALSKDPNEKRDHMVLLEFLTAAGITLGMDELYK,65W-65WsubY+171E-171EsubP+203Q-203QsubIQ,1.646239,56.55759,90.50105,ucb_0.1,Stokes Shift,Turquoise-GL,434.0,474.0,0.82,24.6,,0,14.35888836341561
D,5,D05,mEmerald_001,Base,15.826057,484,14938969,508,9587825,24,66.81334416724899,D05,mEmerald_001,VSKGEELFTGVVPILVELDGDVNGHKFSVSGEGEGDATYGKLTLKFICTTGKLPVPWPTLVTTLTYGVQCFARYPDHMKQHDFFKSAMPEGYVQERTIFFKDDGNYKTRAEVKFEGDTLVNRIELKGIDFKEDGNILGHKLEYNYNSHKVYITADKQKNGIKVNFKTRHNIEDGSVQLADHYQQNTPIGDGPVLLPDNHYLSTQSKLSKDPNEKRDHMVLLEFVTAAGITLGMDELYK,0M-0MsubV+63F-63FsubL+64S-64SsubT+71S-71SsubA+148N-148NsubK+152M-152MsubT+166I-166IsubT+205A-205AsubK+230H-230HsubL,E05,mEmerald_002,VSKGEELFTGVVPILVELDGDVNGHKFSVSGEGEGDATYGKLTLKFICTTKLPVPWPTLVTTLSYGVQCFARYPDHMKQHDFFASAMPEGYVQERTIFFKDDGNYKTRAEVKFEGDTLVNRIELKGIDFKEDGNILGHKLEYNYNSHKVYITADKQKNGIKVNFKTRHNIEDGSVQLADHYQQNTPIGDGPVLLPDNHYLSTQSKLSKDPNEKRDHMVLLEFVTAAGITLGMDELYK,50G-50Gdel+64T-64TsubS+84K-84KsubA,1.5254875,15.826057,86.93441,ucb_0.1,Stokes Shift,mEmerald,487.0,509.0,0.68,39.1,,0,16.519483725916874
D,6,D06,mT-Sapphire_001,Base,94.707405,396,2417940,512,11074577,116,453.37460183402527,D06,mT-Sapphire_001,VSKGEELFTGVVPILVELDGDVNGHKFSVSGEGEGDATYGKLTLKFICTTGKLPVPWPTLVTTFSYGVMVFARYPDHMKQHDFFKSAMPEGYVQERTIFFKDDGNYKTRAEVKFEGDTLVNRIELKGIDFKEDGNILGHKLEYNFNSHNVYIMADKQKNGIKANFKIRHNIEDGGVQLADHYQQNTPIGDGPVLLPDNHYLSIQSKLSKDPNEKRDHMVLLEFVTAAGITLGMDELYK,0M-0MsubV+68Q-68QsubM+69C-69CsubV+71S-71SsubA+144Y-144YsubF+162V-162VsubA+174S-174SsubG+202T-202TsubI+205A-205AsubK+230H-230HsubL,E06,mT-Sapphire_002,VSKGEELFTGVVPILVELDGDVNGHKFSVSGEGEGDATYGKLTLKFICTTGKLPVPWPTLVTTFSYGVMVFARYPDHMKQHDFFKSAMPEGYVQERTIFFKDDGNYKTRAEVKFSYGDTLVNRIEALKGIDFKEDGNILGHKLEYNFNSHNVYIMADKQKNGIKANFKIRHNIEDGGVQLADHYQQNTPIGDGPVLLPDNHYLSIQSKLSKDPNEKRDHMVLLEFVTAAGITLGMDELYK,114E-114EsubSE+114E-114EsubY+124L-124LsubAL,2.1384592,94.707405,104.76871,ucb_0.1,Stokes Shift,mT-Sapphire,399.0,511.0,0.6,26.4,,0,14.698426495953223
D,11,D11,YPet_001,Base,14.314812,514,89864344,530,3127358,16,2.8398585953440003,D11,YPet_001,VSKGEELFTGVVPILVELDGDVNGHKFSVSGEGEGDATYGKLTLKLLCTTGKLPVPWPTLVTTLGYGVQCFARYPDHMKQHDFFKSAMPEGYVQERTIFFKDDGNYKTRAEVKFEGDTLVNRIELKGIDFKEDGNILGHKLEYNYNSHNVYITADKQKNGIKANFKIRHNIEDGGVQLADHYQQNTPIGDGPVLLPDNHYLSYQSALFKDPNEKRDHMVLLEFLTAAGITEGMNELYK,0M-0MsubV+45F-45FsubL+46I-46IsubL+63F-63FsubL+64S-64SsubG+71S-71SsubA+152M-152MsubT+162V-162VsubA+174S-174SsubG+202T-202TsubY+207S-207SsubF+223V-223VsubL+230H-230HsubE+233D-233DsubN,E11,YPet_002,VSKGEELFTGVVPILVELDGDVNGHKFSVSGEGEGDATYGKLTLKLLCTTGKLPVPWPTLVTTLSYGVICFARYPDHMKQHDFFKSAMPEGYVQERTIFFKDDGNYKTRAEVKFEGDTLVNRIELKGIDFKEDGNILGHKLEYNYNSHNVYITADKQKNGIKANFKIRHNIEDGGVQLADAYQQNTPIGDGPVLLPDNHYLSYQSALFKDPNEKRDHMVLLEFLTAAGITEGMNELYK,64G-64GsubS+68Q-68QsubI+180H-180HsubA,1.632483,14.314812,89.841965,ucb_0.1,Stokes Shift,YPet,517.0,530.0,0.77,80.08,,0,18.313811802302983
E,3,E03,EGFP_001,Base,18.305336,486,6405592,510,7016858,24,32.42919807289599,E03,EGFP_001,VSKGEELFTGVVPILVELDGDVNGHKFSVSGEGEGDATYGKLTLKFICTTGKLPVPWPTLVTTLTYGVQCFSRYPDHMKQHDFFKSAMPEGYVQERTIFFKDDGNYKTRAEVKFEGDTLVNRIELKGIDFKEDGNILGHKLEYNYNSHNVYIMADKQKNGIKVNFKIRHNIEDGSVQLADHYQQNTPIGDGPVLLPDNHYLSTQSALSKDPNEKRDHMVLLEFVTAAGITLGMDELYK,0M-0MsubV+63F-63FsubL+64S-64SsubT+230H-230HsubL,F03,EGFP_002,VSKGEELFTGVVPILVELDGDVNGHKFSVSGEGEGDATYGKLTLKFICTTGKLPVPWPTLVTTLSYGVQCFSRYPDHMKQHDFFKSAMPEGYVQERTIFFKDDGNYKTRAEVKFEGDTLVNRIELKGIDFKEDGNILGHKLEYNYNSHNVYIMAPKQKNGIKVNFKIRHNIEDGSVQLADHYQQNTPIGDGPVLLPSNHYLSTQSALSKDPNEKRDHMVLLEFVTAAGITLGMDELYK,64T-64TsubS+154D-154DsubP+196D-196DsubS,1.531498,18.305336,87.05505,ucb_0.1,Stokes Shift,EGFP,488.0,507.0,0.6,33.54,"enhanced GFP, GFPmut1",0,15.672681916832575
E,4,E04,mCitrine_001,Base,12.46796,514,56436540,530,3583272,16,12.475306561600002,E04,mCitrine_001,VSKGEELFTGVVPILVELDGDVNGHKFSVSGEGEGDATYGKLTLKFICTTGKLPVPWPTLVTTFGYGLMCFARYPDHMKQHDFFKSAMPEGYVQERTIFFKDDGNYKTRAEVKFEGDTLVNRIELKGIDFKEDGNILGHKLEYNYNSHNVYIMADKQKNGIKVNFKIRHNIEDGSVQLADHYQQNTPIGDGPVLLPDNHYLSYQSKLSKDPNEKRDHMVLLEFVTAAGITLGMDELYK,0M-0MsubV+64S-64SsubG+67V-67VsubL+68Q-68QsubM+71S-71SsubA+202T-202TsubY+205A-205AsubK+230H-230HsubL,F04,mCitrine_002,VSKGEELFTGVVPILVELDGDVNGHKFSVSGEGEGDATYGKLTLKFICTTGKLPVPWPDLVTTFSYGIMCFARYPDHMKQHDFFKSAMPEGYVQERTIFFKDDGNYKTRAEVKFEGDTLVNRIELKGIDFKEDGNILGHKLEYNYNSHNVYIMADKQKNGIKVNFKIRHNIEDGSVQLADHYQQNTPIGDGPVLLPDNHYLSYQSKLSKDPNEKRDHMVLLEFVTAAGITLGMDELYK,58T-58TsubD+64G-64GsubS+67L-67LsubI,1.3933984,12.46796,83.039734,ucb_0.1,Stokes Shift,mCitrine,516.0,529.0,0.74,69.56,,0,17.84862737903003
E,7,E07,mVenus-Q69M_001,Base,13.033676,514,80128184,530,3138110,16,8.799078072976002,E07,mVenus-Q69M_001,VSKGEELFTGVVPILVELDGDVNGHKFSVSGEGEGDATYGKLTLKLICTTGKLPVPWPTLVTTLGYGLMCFARYPDHMKQHDFFKSAMPEGYVQERTIFFKDDGNYKTRAEVKFEGDTLVNRIELKGIDFKEDGNILGHKLEYNYNSHNVYITADKQKNGIKANFKIRHNIEDGGVQLADHYQQNTPIGDGPVLLPDNHYLSYQSKLSKDPNEKRDHMVLLEFVTAAGITLGMDELYK,0M-0MsubV+45F-45FsubL+63F-63FsubL+64S-64SsubG+67V-67VsubL+68Q-68QsubM+71S-71SsubA+152M-152MsubT+162V-162VsubA+174S-174SsubG+202T-202TsubY+205A-205AsubK+230H-230HsubL,F07,mVenus-Q69M_002,VSKGEELFTGVVPILVELDGDVNGHKFSVSGEGEGDATYGKLTLKLICTTGKLPVPWPTLVTTLSYGVMCFARYPDHMKQHDFFKSAMPEGYVQERTIFFHDDGNYKTRAEVKFEGDTLVNRIELKGIDFKEDGNILGHKLEYNYNSHNVYITADKQKNGIKANFKIRHNIEDGGVQLADHYQQNTPIGDGPVLLPDNHYLSYQSKLSKDPNEKRDHMVLLEFVTAAGITLGMDELYK,64G-64GsubS+67L-67LsubV+100K-100KsubH,1.6368964,13.033676,89.94216,ucb_0.1,Stokes Shift,mVenus-Q69M,515.0,528.0,,96.97,mVenus ME,0,18.199138210325096
E,8,E08,SGFP2(E222Q)_001,Base,15.496323,498,23004274,514,6268410,16,0.2536905203289997,E08,SGFP2(E222Q)_001,VSKGEELFTGVVPILVELDGDVNGHKFSVSGEGEGDATYGKLTLKFICTTGKLPVPWPTLVTTLTYGVQCFARYPDHMKQHDFFKSAMPEGYVQERTIFFKDDGNYKTRAEVKFEGDTLVNRIELKGIDFKEDGNILGHKLEYNYNSHNVYITADKQKNGIKANFKIRHNIEDGGVQLADHYQQNTPIGDGPVLLPDNHYLSTQSKLSKDPNEKRDHMVLLQFVTAAGITLGMDELYK,0M-0MsubV+63F-63FsubL+64S-64SsubT+71S-71SsubA+152M-152MsubT+162V-162VsubA+174S-174SsubG+205A-205AsubK+221E-221EsubQ+230H-230HsubL,F08,SGFP2(E222Q)_002,VSKGEWLFTGVVPILVELDGDSNGHKFSVSGEGEGDATYGKLTLKFICTTGKLPVPWPTLVTTLSYGVQCFARYPDHMKQHDFFKSAMPEGYVQERTIFFKDDGNYKTRAEVKFEGDTLVNRIELKGIDFKEDGNILGHKLEYNYNSHNVYITADKQKNGIKANFKIRHNIEDGGVQLADHYQQNTPIGDGPVLLPDNHYLSTQSKLSKDPNEKRDHMVLLQFVTAAGITLGMDELYK,5E-5EsubW+21V-21VsubS+64T-64TsubS,1.4938236,15.496323,85.89522,ucb_0.1,Stokes Shift,SGFP2(E222Q),496.0,512.0,0.52,34.84,,0,16.95119058271685
E,10,E10,usGFP_001,Base,19.02889,484,18202234,508,8576511,24,24.711934632099993,E10,usGFP_001,SKGEELFTGVVPILVELDGDVNGHKFSVRGEGEGDATNGKLTLKFICTTGKLPVPWPTLVTTLTYGVLCFSRYPDHMKRHDFFKSAMPEGYVQERTISFKDDGTYKTRAEVKFEGDTLVNRIELKGIDFKEDGNILGHKLEYNFNSHNVYITADKQKNGIKAYFKIRHNVEDGSVQLADHYQQNTPIGDGPVLLPDNHYLSTQSVLSKDPNEKRDHMVLLEFVTAAGITHGMDELYK,0M-0Mdel+29S-29SsubR+38Y-38YsubN+63F-63FsubL+64S-64SsubT+68Q-68QsubL+79Q-79QsubR+98F-98FsubS+104N-104NsubT+144Y-144YsubF+152M-152MsubT+162V-162VsubA+163N-163NsubY+170I-170IsubV+205A-205AsubV,F10,usGFP_002,SKGEELFTGVVPILVELDGDVNGHKFSVRGEGEGDATNGKLTLKFICTTGKLPVPWPTLVTTLSYGVLCFSRYPDHMKRHDFFKSAMPEGYVQERTISFKDDGTYKTRAEVKFEGDTLVNRIELKGIDFKEDGNILGHKLEYNFNSHNVYITADKQKNGIKAYFKIRHQVEDGSVQLADHYQQNTPIGDGPVLLPDNHYLSTQSVLSKDPNEKRDHMVLLEFVTAAGITHSMDELYK,63T-63TsubS+168N-168NsubQ+230G-230GsubS,1.5542985,19.02889,87.616264,ucb_0.1,Stokes Shift,usGFP,490.0,508.0,0.45,46.35,ultra-stable GFP,0,16.717054891766942
F,2,F02,cfSGFP2_001,Base,21.012922,492,16525529,512,19238294,20,1.0260109780839992,F02,cfSGFP2_001,VSKGEELFTGVVPILVELDGDVNGHKFSVSGEGEGDATYGKLTLKFISTTGKLPVPWPTLVTTLTYGVQMFARYPDHMKQHDFFKSAMPEGYVQERTIFFKDDGNYKTRAEVKFEGDTLVNRIELKGIDFKEDGNILGHKLEYNYNSHNVYITADKQKNGIKANFKIRHNIEDGGVQLADHYQQNTPIGDGPVLLPDNHYLSTQSKLSKDPNEKRDHMVLLEFVTAAGITLGMDELYK,0M-0MsubV+47C-47CsubS+63F-63FsubL+64S-64SsubT+69C-69CsubM+71S-71SsubA+152M-152MsubT+162V-162VsubA+174S-174SsubG+205A-205AsubK+230H-230HsubL,G02,cfSGFP2_002,VSKGEELFTVVPILVELDGDVNGHKFSVSGEGEGDATYGKLTLKFISTTGKLPVPWPTLVTTLSYGVQMFARYPDHMKQHDFFKSAMPEGYVQERTIFFKDDGNYKTRAEVKFEGDTLVNRIELKGIDVKEDGNILGHKLEYNYNSHNVYITADKQKNGIKANFKIRHNIEDGGVQLADHYQQNTPIGDGPVLLPDNHYLSTQSKLSKDPNEKRDHMVLLEFVTAAGITLGMDELYK,9G-9Gdel+64T-64TsubS+129F-129FsubV,1.5439473,21.012922,87.44694,ucb_0.1,Stokes Shift,cfSGFP2,493.0,517.0,0.75,33.75,,0,16.620416955292523
F,5,F05,mEYFP_001,Base,11.202702,512,49114204,530,3351237,18,46.203260100803995,F05,mEYFP_001,VSKGEELFTGVVPILVELDGDVNGHKFSVSGEGEGDATYGKLTLKFICTTGKLPVPWPTLVTTFGYGLQCFARYPDHMKQHDFFKSAMPEGYVQERTIFFKDDGNYKTRAEVKFEGDTLVNRIELKGIDFKEDGNILGHKLEYNYNSHNVYIMADKQKNGIKVNFKIRHNIEDGSVQLADHYQQNTPIGDGPVLLPDNHYLSYQSKLSKDPNEKRDHMVLLEFVTAAGITLGMDELYK,0M-0MsubV+64S-64SsubG+67V-67VsubL+71S-71SsubA+202T-202TsubY+205A-205AsubK+230H-230HsubL,G05,mEYFP_002,VSKGEELFTGVVPILVELDGDVNGHKFSVSGEGEGDATYGKLHLKFICTTGKLPVPWPTLVTTFGYGLQCFARYPDHMKQHDFFKSAMPEGYVQERTIFFKDDGNYKTRAEVKFEGDTLVNRIELKGIDFKEDGNILGHKLEYNYNSHNVYIMADKQKNGIKVNFKIRHNIEDGSVQLADHYQQNDPIGDGPVLLPDNHYLSYQSKLSKDPNEKRDHMVLLEFVTAAGITLGMDELYK,42T-42TsubH+185T-185TsubD,-0.92314273,11.202702,11.499025,control,Stokes Shift,mEYFP,515.0,528.0,0.62,48.98,,0,17.709658838098328
F,6,F06,mTurquoise_001,Base,55.432068,434,4217018,484,14518939,50,29.507362756624012,F06,mTurquoise_001,VSKGEELFTGVVPILVELDGDVNGHKFSVSGEGEGDATYGKLTLKFICTTGKLPVPWPTLVTTLSWGVQCFARYPDHMKQHDFFKSAMPEGYVQERTIFFKDDGNYKTRAEVKFEGDTLVNRIELKGIDFKEDGNILGHKLEYNYISDNVYITADKQKNGIKANFKIRHNIEDGGVQLADHYQQNTPIGDGPVLLPDNHYLSTQSKLSKDPNEKRDHMVLLEFVTAAGITLGMDELYK,0M-0MsubV+63F-63FsubL+65Y-65YsubW+71S-71SsubA+145N-145NsubI+147H-147HsubD+152M-152MsubT+162V-162VsubA+174S-174SsubG+205A-205AsubK+230H-230HsubL,G06,mTurquoise_002,VSKGEELFTGVVPILVELDGDVNGHKFSVSGEGEGDATYGKLTLKFICTTGKLPVPWPTLVTTLSYGVQCSARYPDHMKQHDFFKSAMPEGYVQERTIFFKDDGNYKTRAEVKFEGDTLVNRIELKGIDFKEDGNILGHKLEYNYISDNVYITGDKQKNGIKANFKIRHNIEDGGVQLADHYQQNTPIGDGPVLLPDNHYLSTQSKLSKDPNEKRDHMVLLEFVTAAGITLGMDELYK,65W-65WsubY+70F-70FsubS+153A-153AsubG,1.5440187,55.432068,87.429726,ucb_0.1,Stokes Shift,mTurquoise,434.0,474.0,0.84,25.2,,0,15.254638801156865
F,9,F09,TagGFP_001,Base,28.918034,478,8002164,506,10836491,28,0.8427864251559976,F09,TagGFP_001,SGGEELFAGVVPILVELDGDVNGHKFSVSGEGEGDATYGKLTLKFICTTGKLPVPWPTLVTTLCYGVQCFSRYPDHMKQHDFFKSAMPEGYVQERTILFKDDGNYKTRAEVKFEGDTLVNRIELKGKDFKEDGNILGHKLEYSYNSHNVYIMADKQKNGIEVNFKTRHNIEDGSVQLADHYQQNTPIGDGPVLLPDNHYLSTQSALSKDPNEARDHMVLLELSTAACITHGMDELYR,0M-0Mdel+2K-2KsubG+8T-8TsubA+63F-63FsubL+64S-64SsubC+98F-98FsubL+127I-127IsubK+143N-143NsubS+161K-161KsubE+166I-166IsubT+213K-213KsubA+222F-222FsubL+223V-223VsubS+227G-227GsubC+237K-237KsubR,G09,TagGFP_002,SGGEELFAGVVPILVELDGDVNGHKFSVSGEGEGDATYDKLTLKFICTTGKLPVPWPTLVTTLSYGVMCFSRYPDHMKQHDFFKSAMPEGYVQERTILFKDDGNYKTRAEVKFEGDTLVNRIELKGKDFKEDGNILGHKLEYSYNSHNVYIMADKQKNGIEVNFKTRHNIEDGSVQLADHYQQNTPIGDGPVLLPDNHYLSTQSALSKDPNEARDHMVLLELSTAACITHGMDELYR,38G-38GsubD+63C-63CsubS+67Q-67QsubM,1.7174486,28.918034,92.5114,ucb_0.1,Stokes Shift,TagGFP,482.0,505.0,0.6,33.0,,0,15.89522256306558
G,3,G03,Emerald_001,Base,17.21228,482,20363138,508,12231152,26,77.2240227984,G03,Emerald_001,VSKGEELFTGVVPILVELDGDVNGHKFSVSGEGEGDATYGKLTLKFICTTGKLPVPWPTLVTTLTYGVQCFARYPDHMKQHDFFKSAMPEGYVQERTIFFKDDGNYKTRAEVKFEGDTLVNRIELKGIDFKEDGNILGHKLEYNYNSHKVYITADKQKNGIKVNFKTRHNIEDGSVQLADHYQQNTPIGDGPVLLPDNHYLSTQSALSKDPNEKRDHMVLLEFVTAAGITLGMDELYK,0M-0MsubV+63F-63FsubL+64S-64SsubT+71S-71SsubA+148N-148NsubK+152M-152MsubT+166I-166IsubT+230H-230HsubL,H03,Emerald_002,VSKGEELFTGVVPILVELDGDVNGHKFSVSGEGEGDATYGKLTLKFICTTGKLPVPWPTLVTTLSYGVQCFARYPDHMKQHDFFKSAMPEGYVQERTIFFKDDGNYKTRAEVKFEGDTLVNRIELVGIDFKEDGNILGHKLEYNYNSHKVYITADKQKNGIKVNFKTRHNIEDGSVQLADHYQQNTPIGDGPVLLPDNHYLSTQSALSKDPNEKRDHMVLLEFVYAAGITLGMDELYK,64T-64TsubS+125K-125KsubV+224T-224TsubY,1.469977,17.21228,85.25794,ucb_0.1,Stokes Shift,Emerald,487.0,509.0,0.68,39.1,,0,16.829236863507184
G,4,G04,mClover3_001,Base,18.112953,504,33087024,520,3759452,16,4.464570380209004,G04,mClover3_001,VSKGEELFTGVVPILVELDGDVNGHKFSVRGEGEGDATNGKLTLKFICTTGKLPVPWPTLVTTFGYGVACFSRYPDHMKQHDFFKSAMPEGYVQERTISFKDDGTYKTRAEVKFEGDTLVNRIELKGIDFKEDGNILGHKLEYNFNSHYVYITADKQKNCIKANFKIRHNVEDGSVQLADHYQQNTPIGDGPVLLPDNHYLSHQSKLSKDPNEKRDHMVLLEFVTAAGITHGMDELYK,0M-0MsubV+29S-29SsubR+38Y-38YsubN+64S-64SsubG+68Q-68QsubA+98F-98FsubS+104N-104NsubT+144Y-144YsubF+148N-148NsubY+152M-152MsubT+159G-159GsubC+162V-162VsubA+170I-170IsubV+202T-202TsubH+205A-205AsubK,H04,mClover3_002,VSKGEELFTGVVPILVELDGDVNGHKFSVRGEGEGDATNGKLTLKFICTTGKLPVPWPTLVTTFSYGVACFSRYPDHMKQIHDFFKSAMPEGYVQERTISFKDDGTYKTRAEVKFEGDTLVNRIELKGIDFKEDGNILGHKLEYNFNSHYVYITADKQKNCIKANFKIRHNVEDGSVQLADHYQQNTPIGDGPVLLPDNHYLSHYSKLSKDPNEKRDHMVLLEFVTAAGITHGMDELYK,64G-64GsubS+80H-80HsubIH+203Q-203QsubY,1.4027283,18.112953,83.03029,ucb_0.1,Stokes Shift,mClover3,506.0,518.0,0.78,85.02,,0,17.314651739316545
G,7,G07,SGFP1_001,Base,13.071415,498,6778436,512,11145065,14,0.862270102225,G07,SGFP1_001,VSKGEELFTGVVPILVELDGDVNGHKFSVSGEGEGDATYGKLTLKFICTTGKLPVPWPTLVTTLTYGLQCFARYPDHMKQHDFFKSAMPEGYVQERTIFFKDDGNYKTRAEVKFEGDTLVNRIELKGIDFKEDGNILGHKLEYNYNSHNVYITADKQKNGIKANFKIRHNIEDGGVQLADHYQQNTPIGDGPVLLPDNHYLSTQSKLSKDPNEKRDHMVLLEFVTAAGITLGMDELYK,0M-0MsubV+63F-63FsubL+64S-64SsubT+67V-67VsubL+71S-71SsubA+152M-152MsubT+162V-162VsubA+174S-174SsubG+205A-205AsubK+230H-230HsubL,H07,SGFP1_002,VSKGEELFTGVVPILVELDGDVNGHKFSVSGGEGDATYGKLTLKFICTTGKLPVPWPTLVTTLSYGLRCFARYPDHMKQHDFFKSAMPEGYVQERTIFFKDDGNYKTRAEVKFEGDTLVNRIELKGIDFKEDGNILGHKLEYNYNSHNVYITADKQKNGIKANFKIRHNIEDGGVQLADHYQQNTPIGDGPVLLPDNHYLSTQSKLSKDPNEKRDHMVLLEFVTAAGITLGMDELYK,31E-31Edel+64T-64TsubS+68Q-68QsubR,1.3222426,13.071415,80.57596,ucb_0.1,Stokes Shift,SGFP1,495.0,512.0,0.62,26.04,,0,15.729256954840132
G,8,G08,SGFP2(T65G)_001,Base,15.61455,502,12326384,516,3700495,14,2.6067717024999983,G08,SGFP2(T65G)_001,VSKGEELFTGVVPILVELDGDVNGHKFSVSGEGEGDATYGKLTLKFICTTGKLPVPWPTLVTTLGYGVQCFARYPDHMKQHDFFKSAMPEGYVQERTIFFKDDGNYKTRAEVKFEGDTLVNRIELKGIDFKEDGNILGHKLEYNYNSHNVYITADKQKNGIKANFKIRHNIEDGGVQLADHYQQNTPIGDGPVLLPDNHYLSTQSKLSKDPNEKRDHMVLLEFVTAAGITLGMDELYK,0M-0MsubV+63F-63FsubL+64S-64SsubG+71S-71SsubA+152M-152MsubT+162V-162VsubA+174S-174SsubG+205A-205AsubK+230H-230HsubL,H08,SGFP2(T65G)_002,VSKGEELFTGVVPILVELDGDVNGHKFSVSGEGEGDATYGKLTLKFICTTGKLSPVPWPTLVTTLSYGVQCFARYPDHMKQHDFFKSAMPEGYVQERTIFFKDDGNYKTRAEVKFEGDTLVNRIELKGIDFKEDGNILGHKLEYNYNSHNVYITADKQKNGIKANFKIRHNIEDGGVQLADHYQQNTPIGDGPVLLPDNHYLSTQSKLSKDPNEKRDHMVYLLEFVTAAGITLGMDELYK,53P-53PsubSP+64G-64GsubS+219L-219LsubYL,1.4800297,15.61455,85.56264,ucb_0.1,Stokes Shift,SGFP2(T65G),501.0,512.0,0.35,31.5,,0,16.32725256367799
H,2,H02,Citrine2_001,Base,13.833765,510,28840290,526,3642431,16,4.692574075225002,H02,Citrine2_001,VSKGEELFTGVVPILVELDGDVNGHKFSVTGEGEGDATYGKLTLKFICTTGKLPVPWPTLVTTFGYGLTCFARYPDHMKQHDFFKSAMPEGYVQERTIFFKDDGNYKTRAEVKFEGDTLVNRIELKGIDFKEDGNILGHKLEYNHNSHYVYIMADKQKNGIKANFKIRHNIEDGSVQLADHYQQNTPIGDGPVLLPDNHYLSYQSQLSKDPNEERDHTVLLEFVTAAGITLGMGELYK,0M-0MsubV+29S-29SsubT+64S-64SsubG+67V-67VsubL+68Q-68QsubT+71S-71SsubA+144Y-144YsubH+148N-148NsubY+162V-162VsubA+202T-202TsubY+205A-205AsubQ+213K-213KsubE+217M-217MsubT+230H-230HsubL+233D-233DsubG,A03,Citrine2_002,VSKGEELFTGVVPILVELDGDVNGHKFSVTGEGEGDATYGKLTLKFICTTGKLPVPWPTLVTTFSYGATCFARYPDHMKQHDFFKSAMPEGYVQERTIFFKDDGNYKTRAEVKFEGDTLVNRIELKGIDFKEDGNILGHKLEYNHNSHYVYIMADKQKNGIKANFKIRHNIEDGSVQLADHYQQNTPIGDGPVLLPDNHYLSYQSQLSKDPNEERDHTVLLEFVTAAGITLGMGELYK,64G-64GsubS+67L-67LsubA,1.4493567,13.833765,84.69716,ucb_0.1,Stokes Shift,Citrine2,509.0,522.0,0.7,68.6,,0,17.17728392580897
H,5,H05,mGold_001,Base,23.922585,514,19337760,530,3195226,16,62.76735308222502,H05,mGold_001,VSKGEELFTGVVPILVELDGDVNGHKFSVSGEGEGDATYGKLTLKFICTTGKLPVPWPTLVTSLGYGLQCFARYPDHMKQHDFFKSAMPEGYVQERTIFFKDDGNYKTRAEVKFEGDTLVNRIELKGIDFKEDGNILGHKLEYNYNSHNVYITADKQKNGIKANFKIRHNIEDGGVQLADHYQQNTPIGDGPVLLPDNHYLSYQSKLSKDPNEKRDHMVLLEFVTAAGITLGMDELYK,0M-0MsubV+62T-62TsubS+63F-63FsubL+64S-64SsubG+67V-67VsubL+71S-71SsubA+152M-152MsubT+162V-162VsubA+174S-174SsubG+202T-202TsubY+205A-205AsubK+230H-230HsubL,A06,mGold_002,VSKGEELFTGVVPILVELDGDNNGHKFSVSGEGEGDATYGKLTLKFICTTGKLPVPWPTLVTSLGYGLQCFARYPDHMKQHDFFKSAMPEGYVQERTIFFKSDGNYKTRAEVKFEGDTLVNRIELKGIDFKEDGNILGHKLEYNYNSHNVYITADKQKNGIKANFKIRHNIEDGGVQLADHYQQNTPIGDGPVLLEDNHYLSYQSKLSKDPNEKRDHMVLLEFVTAAGITLGMDELYK,21V-21VsubN+101D-101DsubS+195P-195PsubE,-0.48681825,23.922585,24.566824,control,Stokes Shift,mGold,515.0,531.0,0.64,68.48,,0,16.777570219151222
H,6,H06,mTurquoise2_001,Base,55.31428,436,10709441,484,32221710,48,53.49869191839995,H06,mTurquoise2_001,VSKGEELFTGVVPILVELDGDVNGHKFSVSGEGEGDATYGKLTLKFICTTGKLPVPWPTLVTTLSWGVQCFARYPDHMKQHDFFKSAMPEGYVQERTIFFKDDGNYKTRAEVKFEGDTLVNRIELKGIDFKEDGNILGHKLEYNYFSDNVYITADKQKNGIKANFKIRHNIEDGGVQLADHYQQNTPIGDGPVLLPDNHYLSTQSKLSKDPNEKRDHMVLLEFVTAAGITLGMDELYK,0M-0MsubV+63F-63FsubL+65Y-65YsubW+71S-71SsubA+145N-145NsubF+147H-147HsubD+152M-152MsubT+162V-162VsubA+174S-174SsubG+205A-205AsubK+230H-230HsubL,A07,mTurquoise2_002,VSKGEELFTGVVPILVELDGDVNGHKFSVSGEGEGDATYGKLTLKFICTTGKLPVPWPTLVTTLSYGVTCFARYPDHMKQHDFFKSAMPEGYVQERTIFFKDDGNYKTRAEVKFEGDTLVNRIELKGIDFKEDGNILGHKLEYNYFSDNVYITMDKQKNGIKANFKIRHNIEDGGVQLADHYQQNTPIGDGPVLLPDNHYLSTQSKLSKDPNEKRDHMVLLEFVTAAGITLGMDELYK,65W-65WsubY+68Q-68QsubT+153A-153AsubM,1.572236,55.31428,88.035065,ucb_0.1,Stokes Shift,mTurquoise2,434.0,474.0,0.93,27.9,,0,16.18663624685075
H,9,H09,Topaz_001,Base,15.906347,512,45795948,530,3199340,18,4.383382884408999,H09,Topaz_001,SKGEELFTGVVPILVELDGDVNGHKFSVSGEGEGDATYGKLTLKFICTTGKLPVPWPTLVTTFGYGVQCFARYPDHMRRHDFFKSAMPEGYVQERTIFFKDDGNYKTRAEVKFEGDTLVNRIELKGIDFKEDGNILGHKLEYNYNSHNVYIMADKQKNGIKVNFKIRHNIEDGSVQLADHYQQNTPIGDGPVLLPDNHYLSYQSALSKDPNEKRDHMVLLEFVTAAGITLGMDELYK,0M-0Mdel+64S-64SsubG+71S-71SsubA+78K-78KsubR+79Q-79QsubR+202T-202TsubY+230H-230HsubL,A10,Topaz_002,SKGTELFTGVVPILVELDGDVNGHKFSVSGEGEGDATYGKLTLKFICTTGKLPVPWPTLVTTFSYGVTCFARYPDHMRRHDFFKSAMPEGYVQERTIFFKDDGNYKTRAEVKFEGDTLVNRIELKGIDFKEDGNILGHKLEYNYNSHNVYIMADKQKNGIKVNFKIRHNIEDGSVQLADHYQQNTPIGDGPVLLPDNHYLSYQSALSKDPNEKRDHMVLLEFVTAAGITLGMDELYK,3E-3EsubT+63G-63GsubS+67Q-67QsubT,1.61188,15.906347,89.36277,ucb_0.1,Stokes Shift,Topaz,514.0,527.0,0.6,56.7,,0,17.63970617355485
H,10,H10,Venus_001,Base,12.179129,514,39360080,530,3118765,16,14.599055198641002,H10,Venus_001,VSKGEELFTGVVPILVELDGDVNGHKFSVSGEGEGDATYGKLTLKLICTTGKLPVPWPTLVTTLGYGLQCFARYPDHMKQHDFFKSAMPEGYVQERTIFFKDDGNYKTRAEVKFEGDTLVNRIELKGIDFKEDGNILGHKLEYNYNSHNVYITADKQKNGIKANFKIRHNIEDGGVQLADHYQQNTPIGDGPVLLPDNHYLSYQSALSKDPNEKRDHMVLLEFVTAAGITLGMDELYK,0M-0MsubV+45F-45FsubL+63F-63FsubL+64S-64SsubG+67V-67VsubL+71S-71SsubA+152M-152MsubT+162V-162VsubA+174S-174SsubG+202T-202TsubY+230H-230HsubL,A11,Venus_002,VSKGEELFTGVVPILVELDGDVNGHKFSVSGEGEGDATYGKLTLKLICTTGKLPVPWPTLVTTLSYGLQCFARYPDHMKQHDFFKSAMPEGYVQERTIFFKDDGNYKERAEVKFEGDTLVNRIELKGIDFKEDGNILGHKLEYNYNSHNVYITADKQKNGIKANFKIRHNIEDGGVQLADHYQQNTPIGDGPVLLPDNHYLSYGQSALSKDPNEKRDHMVLLEFVTAAGITLGMDELYK,64G-64GsubS+107T-107TsubE+203Q-203QsubGQ,1.3635628,12.179129,81.65169,ucb_0.1,Stokes Shift,Venus,515.0,528.0,0.57,52.55,SEYFP-F46L,0,17.488262662666585
