Row,Col,Well,Name,Type,pred_label,MaxEx,MaxRFU,MaxEm,MaxRFU.1,ObservedStokesShift,task_sq_err,base_seq_well,base_seq_name,base_seq,base_mutations,opt_seq_well,opt_seq_name,opt_seq,opt_mutations,obj_val,base_pred_label,opt_pred_label,acq_type,task,base_name,base_ex_max,base_em_max,base_quantum_yield,base_brightness,base_aliases,stokes_delta,log_max_rfu,base_obs_stokes
A,1,A01,Aquamarine_001,Base,57.448524,436,7228788,484,24385016,48,89.27460577857599,A01,Aquamarine_001,VSKGEELFTGVVPILVELDGDVNGHKFSVSGEGEGDATYGKLTLKFICTTGKLPVPWPTLVTTLSWGVQCFSRYPDHMKQHDFFKSAMPEGYVQERTIFFKDDGNYKTRAEVKFEGDTLVNRIELKGIDFKEDGNILGHKLEYNYISGNVYITADKQKNGIKANFKIRHNIEDGSVQLADHYQQNTPIGDGPVLLPDNHYLSTQSALSKDPNEKRDHMVLLEFVTAAGITLGMDELYK,0M-0MsubV+63F-63FsubL+65Y-65YsubW+145N-145NsubI+147H-147HsubG+152M-152MsubT+162V-162VsubA+230H-230HsubL,B01,Aquamarine_002,VSKGEELFTGVVPILVELDGDVNGHKFSVSGEGEGDASYGKLTLKFICTTGKLPVPWPTLVTTLSYGVQCFSRYPDHMKQHDFFKSAMPEGYVQERTIFFKDDGNYKTCRAEVKFEGDTLVNRIELKGIDFKEDGNILGHKLEYNYISGNVYITADKQKNGIKANFKIRHNIEDGSVQLADHYQQNTPIGDGPVLLPDNHYLSTQSALSKDPNEKRDHMVLLEFVTAAGITLGMDELYK,37T-37TsubS+65W-65WsubY+108R-108RsubCR,1.6205708,57.448524,89.78497,UCB(0.1),Stokes Shift,Aquamarine,430.0,474.0,0.89,23.14,,0,15.793581945227883,
A,4,A04,GFPmut2_001,Base,24.09724,480,10303531,508,10016840,28,15.231535617600006,A04,GFPmut2_001,SKGEELFTGVVPILVELDGDVNGHKFSVSGEGEGDATYGKLTLKFICTTGKLPVPWPTLVTTFAYGLQCFARYPDHMKQHDFFKSAMPEGYVQERTIFFKDDGNYKTRAEVKFEGDTLVNRIELKGIDFKEDGNILGHKLEYNYNSHNVYIMADKQKNGIKVNFKIRHNIEDGSVQLADHYQQNTPIGDGPVLLPDNHYLSTQSALSKDPNEKRDHMVLLEFVTAAGITHGMDELYK,0M-0Mdel+64S-64SsubA+67V-67VsubL+71S-71SsubA,B04,GFPmut2_002,SKGEELFTGVVPILVELDGDVNGHKFSVSGEGEGDATYGKLTLKFICTTGKLPVPWPTLVTTFAVGLQCFARYPDHMKQHDFFKSAMPEGYVQERTIFFKDDGNYKTRAEVKFEGDTLVNRIELKGIDFKEDGNILGHKLEYNYNSHNVYIMADKQWKNGIKVNFKIRHNIEDGSVQLADHYQQNTPIGDGPVLLPDNHYLSTQSALSKDPNEKRDHMVLLEFVTAAGITHGMDELYK,64Y-64YsubV+156K-156KsubWK,0.09122519,24.09724,42.404495,Control,Stokes Shift,GFPmut2,485.0,508.0,0.73,39.35,,0,16.147997209986027,
A,8,A08,SGFP2_001,Base,15.554981,498,13507384,512,27709838,14,2.417965910360999,A08,SGFP2_001,VSKGEELFTGVVPILVELDGDVNGHKFSVSGEGEGDATYGKLTLKFICTTGKLPVPWPTLVTTLTYGVQCFARYPDHMKQHDFFKSAMPEGYVQERTIFFKDDGNYKTRAEVKFEGDTLVNRIELKGIDFKEDGNILGHKLEYNYNSHNVYITADKQKNGIKANFKIRHNIEDGGVQLADHYQQNTPIGDGPVLLPDNHYLSTQSKLSKDPNEKRDHMVLLEFVTAAGITLGMDELYK,0M-0MsubV+63F-63FsubL+64S-64SsubT+71S-71SsubA+152M-152MsubT+162V-162VsubA+174S-174SsubG+205A-205AsubK+230H-230HsubL,B08,SGFP2_002,PSKGEELFTGVVPILVELDGDVNGHKFSVSGEGEGDATYGKLTLKFICTTGKLPVPWPTLVTTLSYGVQCFARYPDHMSQHDFFKSAMPEGYVQERTIFFKDDGNYKTRAEVKFEGDTLVNRIELKGIDFKEDGNILGHKLEYNYNSHNVYITADKQKNGIKANFKIRHNIEDGGVQLADHYQQNTPIGDGPVLLPDNHYLSTQSKLSKDPNEKRDHMVLLEFVTAAGITLGMDELYK,0V-0VsubP+64T-64TsubS+78K-78KsubS,1.513793,15.554981,86.61186,UCB(0.1),Stokes Shift,SGFP2,495.0,512.0,0.7,32.2,,0,16.4187470568419,
A,9,A09,SYFP2_001,Base,14.846407,514,84353528,530,3002488,16,1.3307768096490018,A09,SYFP2_001,VSKGEELFTGVVPILVELDGDVNGHKFSVSGEGEGDATYGKLTLKLICTTGKLPVPWPTLVTTLGYGVQCFARYPDHMKQHDFFKSAMPEGYVQERTIFFKDDGNYKTRAEVKFEGDTLVNRIELKGIDFKEDGNILGHKLEYNYNSHNVYITADKQKNGIKANFKIRHNIEDGGVQLADHYQQNTPIGDGPVLLPDNHYLSYQSKLSKDPNEKRDHMVLLEFVTAAGITLGMDELYK,0M-0MsubV+45F-45FsubL+63F-63FsubL+64S-64SsubG+71S-71SsubA+152M-152MsubT+162V-162VsubA+174S-174SsubG+202T-202TsubY+205A-205AsubK+230H-230HsubL,B09,SYFP2_002,VSKGEELFTGVVPILVELDGDVNGHKFSVSGEGEGDATYGKLTLKLICTTGKLPVPWPTLVTTLSYGVQCFARYPDHSKQHDFFKSAMPEGYVQERTIFFKDDGNYKTRAEVKFEGDTLVNRIELKGIDFKEDGNILGHKLEYNYNSHNVYITADKQKNGIKANFKIRHNIEDGGVQLADHYQQNTPIGDGPVLLPDNHYLSYISKLSKDPNEKRDHMVLLEFVTAAGITLGMDELYK,64G-64GsubS+77M-77MsubS+203Q-203QsubI,1.4820668,14.846407,85.515,UCB(0.1),Stokes Shift,SYFP2,515.0,527.0,0.68,68.68,mVenus NB,0,18.25052719180772,
B,3,B03,Clover_001,Base,17.219091,504,34167872,520,11017540,16,1.486182866280997,B03,Clover_001,VSKGEELFTGVVPILVELDGDVNGHKFSVRGEGEGDATNGKLTLKFICTTGKLPVPWPTLVTTFGYGVACFSRYPDHMKQHDFFKSAMPEGYVQERTISFKDDGTYKTRAEVKFEGDTLVNRIELKGIDFKEDGNILGHKLEYNFNSHNVYITADKQKNGIKANFKIRHNVEDGSVQLADHYQQNTPIGDGPVLLPDNHYLSHQSALSKDPNEKRDHMVLLEFVTAAGITHGMDELYK,0M-0MsubV+29S-29SsubR+38Y-38YsubN+64S-64SsubG+68Q-68QsubA+98F-98FsubS+104N-104NsubT+144Y-144YsubF+152M-152MsubT+162V-162VsubA+170I-170IsubV+202T-202TsubH,C03,Clover_002,VSKGEELFTGVVPILVELDGDVNGHKFSVRGEGEGDATNGKLTLKFICTTGKLPVPWPTLVTTFSYGVACFSRYPDHMKQVDFFKSAMPEGYVQERTISFKDDGTYKTRAEVKFEGDTLVNRIELKGIDFKEDGNILGHKLEYNFNSHNVYITADKQKNGIKANFKIRHNVEDGSVQLADHYQQNTPIGDGPVLLPDNHYLSHQSALSKDPNEKRDHMVLLEFVTAASITHGMDELYK,64G-64GsubS+80H-80HsubV+227G-227GsubS,1.3923261,17.219091,82.55067,UCB(0.1),Stokes Shift,Clover,505.0,515.0,0.76,84.36,,0,17.34679634530115,
B,5,B05,mEGFP_001,Base,16.918987,486,1680363,502,4058505,16,0.8445371061690025,B05,mEGFP_001,VSKGEELFTGVVPILVELDGDVNGHKFSVSGEGEGDATYGKLTLKFICTTGKLPVPWPTLVTTLTYGVQCFSRYPDHMKQHDFFKSAMPEGYVQERTIFFKDDGNYKTRAEVKFEGDTLVNRIELKGIDFKEDGNILGHKLEYNYNSHNVYIMADKQKNGIKVNFKIRHNIEDGSVQLADHYQQNTPIGDGPVLLPDNHYLSTQSKLSKDPNEKRDHMVLLEFVTAAGITLGMDELYK,0M-0MsubV+63F-63FsubL+64S-64SsubT+205A-205AsubK+230H-230HsubL,C05,mEGFP_002,VSKGEELFTGVVPILVELDGDVNGHKFSVSGEGEGDATYGKLTLKFICTTGKLPVPWPTLVTTLSYGVQCFSARYPDHMKQHDFFKSAMPEGYVQERTIFFKDDGNYKTRAEVKFEGDTLVNRIELKGIDFKEDGNILGHKLEYNYNSHNVYIMADKQKNGIKVNFKIRHNIEDGSVQLADHYQQNTPIGDGPVLLPDNHYLSTQSKLSKDPNEKRDHMVLLEFWVTAAGITLGMDELYK,64T-64TsubS+72R-72RsubAR+223V-223VsubWV,1.5664146,16.918987,88.19823,UCB(0.1),Stokes Shift,mEGFP,488.0,507.0,0.6,33.6,,0,14.334520399467944,
B,6,B06,moxGFP_001,Base,22.575031,484,15246335,510,12910128,26,11.730412650961005,B06,moxGFP_001,VSKGEELFTGVVPILVELDGDVNGHKFSVRGEGEGDATNGKLTLKFISTTGKLPVPWPTLVTTLTYGVQSFSRYPDHMKRHDFFKSAMPEGYVQERTISFKDDGTYKTRAEVKFEGDTLVNRIELKGIDFKEDGNILGHKLEYNFNSHNVYITADKQKNGIKANFKIRHNVEDGSVQLADHYQQNTPIGDGPVLLPDNHYLSTQSKLSKDPNEKRDHMVLLEFVTAAGITHGMDELYK,0M-0MsubV+29S-29SsubR+38Y-38YsubN+47C-47CsubS+63F-63FsubL+64S-64SsubT+69C-69CsubS+79Q-79QsubR+98F-98FsubS+104N-104NsubT+144Y-144YsubF+152M-152MsubT+162V-162VsubA+170I-170IsubV+205A-205AsubK,C06,moxGFP_002,VSKGEELFTGVVPILVELDGDVNHKFSVRGEGEGDASNGKLTLKFISTTGKLPVPWPTLVTTLSYGVQSFSRYPDHMKRHDFFKSAMPEGYVQERTISFKDDGTYKTRAEVKFEGDTLVNRIELKGIDFKEDGNILGHKLEYNFNSHNVYITADKQKNGIKANFKIRHNVEDGSVQLADHYQQNTPIGDGPVLLPDNHYLSTQSKLSKDPNEKRDHMVLLEFVTAAGITHGMDELYK,23G-23Gdel+37T-37TsubS+64T-64TsubS,1.6112045,22.575031,89.341385,UCB(0.1),Stokes Shift,moxGFP,486.0,510.0,0.58,50.46,,0,16.53984970426547,
B,7,B07,muGFP_001,Base,18.891008,484,18425194,506,8675551,22,9.665831256064005,B07,muGFP_001,SKGEELFTGVVPILVELDGDVNGHKFSVRGEGEGDATNGKLTLKFICTTGKLPVPWPTLVTTLTYGVLCFSRYPDHMKRHDFFKSAMPEGYVQERTISFKDDGTYKTRAEVKFEGDTLVNRIELKGIDFKEDGNILGHKLEYNFNSHNVYITADKQKNGIKAYFKIRHNVEDGSVQLADHYQQNTPIGDGPVLLPDNHYLSTQSVLSKDPNEKRDHMVLLEDVTAAGITHGMDELYK,0M-0Mdel+29S-29SsubR+38Y-38YsubN+63F-63FsubL+64S-64SsubT+68Q-68QsubL+79Q-79QsubR+98F-98FsubS+104N-104NsubT+144Y-144YsubF+152M-152MsubT+162V-162VsubA+163N-163NsubY+170I-170IsubV+205A-205AsubV+222F-222FsubD,C07,muGFP_002,SKGEELFTGVVPILVELDGDVNGHKFSVRGEGEGDATNGKLTLKFICTTGKLPVPWPTLVTTLSYGVLCFSRYPDHMKRHDFFKSAMPEGYVQERTISFKDDGYKTRAEVKFEGDTLVNRIILKGIDFKEDGNILGHKLEYNFNSHNVYITADKQKNGIKAYFKIRHNVEDGSVQLADHYQQNTPIGDGPVLLPDNHYLSTQSVLSKDPNEKRDHMVLLEDVTAAGITHGMDELYK,63T-63TsubS+103T-103Tdel+122E-122EsubI,1.5287409,18.891008,87.02584,UCB(0.1),Stokes Shift,muGFP,490.0,508.0,0.45,52.65,monomeric ultra-stable GFP,0,16.729229525156562,
B,11,B11,WasCFP_001,Base,33.63477,404,905892,488,3789142,84,2536.6563929528998,B11,WasCFP_001,VSKGEELFTGVVPILVELDGDVNGHKFSVSGEGEGDATYGKLTLKFICTTGKLPVPWPTLKTTLTWGVQCFARYPDHMKQHDFFKSAMPEGYVQERTIFFKDDGNYKTRAEVKFEGDTLVNRIELKGIDFKEDGNILGHKLEYNAISGNVNITADKQKNGIKANFKIRHNIEDGSVQLADHYQQNTPIGDGPVLLPDNHYLSTQSKQSKDPNEKRDHMVLLEFVTAAGITLGMDELYK,0M-0MsubV+60V-60VsubK+63F-63FsubL+64S-64SsubT+65Y-65YsubW+71S-71SsubA+144Y-144YsubA+145N-145NsubI+147H-147HsubG+150Y-150YsubN+152M-152MsubT+162V-162VsubA+205A-205AsubK+206L-206LsubQ+230H-230HsubL,C11,WasCFP_002,VSKGEELFTGVVILVELDGDVNGHKFSVSGEGEGDATYGKLTLKFICTTGKLPVPWPTLKTTLTWGVQCFARYPDHGKQHDFFKSAMPEGYVQERTIFFKDDGNKYKTRAEVKFEGDTLVNRIELKGIDFKEDGNILGHKLEYNAISGNVNITADKQKNGIKANFKIRHNIEDGSVQLADHYQQNTPIGDGPVLLPDNHYLSTQSKQSKDPNEKRDHMVLLEFVTAAGITLGMDELYK,12P-12Pdel+77M-77MsubG+105Y-105YsubKY,-0.1990154,33.63477,33.704117,Control,Stokes Shift,WasCFP,494.0,505.0,0.85,43.35,W in anionic state CFP,0,13.716675372621587,
C,1,C01,avGFP,Base,86.42746,396,3818621,510,21304386,114,760.2449620516002,C01,avGFP,MSKGEELFTGVVPILVELDGDVNGHKFSVSGEGEGDATYGKLTLKFICTTGKLPVPWPTLVTTFSYGVQCFSRYPDHMKQHDFFKSAMPEGYVQERTIFFKDDGNYKTRAEVKFEGDTLVNRIELKGIDFKEDGNILGHKLEYNYNSHNVYIMADKQKNGIKVNFKIRHNIEDGSVQLADHYQQNTPIGDGPVLLPDNHYLSTQSALSKDPNEKRDHMVLLEFVTAAGITHGMDELYK,,D01,avGFP_002,SEGEELFTGVVPILVELDGDVNGHKFSVSGEGEGDATYGKLALKFICTTGKLPVPWPTLVTTLSYGVQCFSRYPDHMKQHDFFKSAMPEGYVQERTIFFKDDGNYKTRAEVKFEGDTLVNRIELKGIDFKEDGNILGHKLEYNYNSHNVYIMADKQKNGIKVYFKIRHNIEDGSVQLADHYQQNTPIGDGPVLLPDNHYLSTQSALSKDPNEKRDHMVLLEFVTAAGITHGMDELYK,,1.5305736,86.42746,86.435585,LocalFL,Stokes Shift,,,,,,,0,15.155399920644065,
C,4,C04,mCerulean3_001,Base,55.85608,434,5614378,484,19441828,50,34.29367296639998,C04,mCerulean3_001,VSKGEELFTGVVPILVELDGDVNGHKFSVSGEGEGDATYGKLTLKFICTTGKLPVPWPTLVTTLSWGVQCFARYPDHMKQHDFFKSAMPEGYVQERTIFFKDDGNYKTRAEVKFEGDTLVNRIELKGIDFKEDGNILGHKLEYNAIHGNVYITADKQKNGIKANFGLNCNIEDGSVQLADHYQQNTPIGDGPVLLPDNHYLSTQSKLSKDPNEKRDHMVLLEFVTAAGITLGMDELYK,0M-0MsubV+63F-63FsubL+65Y-65YsubW+71S-71SsubA+144Y-144YsubA+145N-145NsubI+146S-146SsubH+147H-147HsubG+152M-152MsubT+162V-162VsubA+165K-165KsubG+166I-166IsubL+167R-167RsubN+168H-168HsubC+205A-205AsubK+230H-230HsubL,D04,mCerulean3_002,VSKGEELSTGVVPILVELDGDVNGHKFSVSGEGEGDATYGKLTLKFICTTGKLPVPWPTLVTTLSYGVQCFARYPDHMKQHDFFKSAMPEGYVQERTIFFKDDGNYKTRAEVKFEGDTLVNRIELKGIDFKEDGNILGHKLEYNAIHGNVYITADKQKNGIKANFGLNCNIEDGSVQLADHYQQNTPIGDGPVLLPDNHYLSIQSKLSKDPNEKRDHMVLLEFVTAAGITLGMDELYK,7F-7FsubS+65W-65WsubY+202T-202TsubI,1.5421183,55.85608,87.38562,UCB(0.1),Stokes Shift,mCerulean3,433.0,475.0,0.87,34.8,,0,15.540841365308113,
C,8,C08,SGFP2(206A)_001,Base,16.941002,498,16784178,512,33673508,14,8.649492764004005,C08,SGFP2(206A)_001,VSKGEELFTGVVPILVELDGDVNGHKFSVSGEGEGDATYGKLTLKFICTTGKLPVPWPTLVTTLTYGVQCFARYPDHMKQHDFFKSAMPEGYVQERTIFFKDDGNYKTRAEVKFEGDTLVNRIELKGIDFKEDGNILGHKLEYNYNSHNVYITADKQKNGIKANFKIRHNIEDGGVQLADHYQQNTPIGDGPVLLPDNHYLSTQSALSKDPNEKRDHMVLLEFVTAAGITLGMDELYK,0M-0MsubV+63F-63FsubL+64S-64SsubT+71S-71SsubA+152M-152MsubT+162V-162VsubA+174S-174SsubG+230H-230HsubL,D08,SGFP2(206A)_002,VSKGEELFTGVVPILVELDDVNGHKFSVSGEGEGDATYGKLTLKFICTTGKLPVPWPTLVTTLSYGVQCFARYPDHMKQHDFFKSAMPEGYVQERTIFFKDDGNYKTRAEVKFEGDTLVNRIELKGIDFKEDVNILGHKLEYNYNSHNVYITADKQKNGIKANFKIRHNIEDGGVQLADHYQQNTPIGDGPVLLPDNHYLSTQSALSKDPNEKRDHMVLLEFVTAAGITLGMDELYK,19G-19Gdel+64T-64TsubS+133G-133GsubV,1.4949512,16.941002,86.02258,UCB(0.1),Stokes Shift,SGFP2(206A),496.0,512.0,0.69,30.36,,0,16.635947214900398,
C,9,C09,T-Sapphire_001,Base,98.33661,394,6726030,512,35772548,118,386.64890629210026,C09,T-Sapphire_001,VSKGEELFTGVVPILVELDGDVNGHKFSVSGEGEGDATYGKLTLKFICTTGKLPVPWPTLVTTFSYGVMVFARYPDHMKQHDFFKSAMPEGYVQERTIFFKDDGNYKTRAEVKFEGDTLVNRIELKGIDFKEDGNILGHKLEYNFNSHNVYIMADKQKNGIKANFKIRHNIEDGGVQLADHYQQNTPIGDGPVLLPDNHYLSIQSALSKDPNEKRDHMVLLEFVTAAGITLGMDELYK,0M-0MsubV+68Q-68QsubM+69C-69CsubV+71S-71SsubA+144Y-144YsubF+162V-162VsubA+174S-174SsubG+202T-202TsubI+230H-230HsubL,D09,T-Sapphire_002,VSKGEELFTGVVPILVELDGDVNGHKFSVSGEGEGDATYGKLTLKFICTTGKLPVPWPTLVTTFSYGVMVFARYPDHMKQHDFFKSAMPEGYVQERTIFFKDDGNYKTRAEVKFEGDTLVNRIELKGIDFKEDGNILGHKLEYNFNSHNVYIMADKQKNGIKANFKIRHNIEDGGVQLADHYQQNTPIGDGPVLLPDNHYLSIQSALSKDPNSKRDHMVLLEFVSTASAGITLGMDELYK,212E-212EsubS+224T-224TsubST+226A-226AsubSA,2.286642,98.33661,109.28223,UCB(0.1),Stokes Shift,T-Sapphire,399.0,511.0,0.6,26.4,,0,15.721495631575705,
C,10,C10,Turquoise-GL_001,Base,56.55759,428,1721813,486,6719664,58,2.080546608100007,C10,Turquoise-GL_001,VSKGEELFTGVVPILVELDGDVNGHKFSVSGEGEGDATYGKLTLKFICTTGKLPVPWPTLVTTLSWGVQCFARYPDHMKQHDFFKSAMPEGYVQERTIFFKDDGNYKTRAEVKFEGDTLVNRIELKGIDFKEDGNILGHKLEYNYISGNVYITADKQKNGIKANFKIRHNIEDGGVQLADHYQQNTPIGDGPVLLPDNHYLSTQSALSKDPNEKRDHMVLLEFLTAAGITLGMDELYK,0M-0MsubV+63F-63FsubL+65Y-65YsubW+71S-71SsubA+145N-145NsubI+147H-147HsubG+152M-152MsubT+162V-162VsubA+174S-174SsubG+223V-223VsubL+230H-230HsubL,D10,Turquoise-GL_002,VSKGEELFTGVVPILVELDGDVNGHKFSVSGEGEGDATYGKLTLKFICTTGKLPVPWPTLVTTLSYGVQCFARYPDHMKQHDFFKSAMPEGYVQERTIFFKDDGNYKTRAEVKFEGDTLVNRIELKGIDFKEDGNILGHKLEYNYISGNVYITADKQKNGIKANFKIRHNIPDGGVQLADHYQQNTPIGDGPVLLPDNHYLSTIQSALSKDPNEKRDHMVLLEFLTAAGITLGMDELYK,65W-65WsubY+171E-171EsubP+203Q-203QsubIQ,1.646239,56.55759,90.50105,UCB(0.1),Stokes Shift,Turquoise-GL,434.0,474.0,0.82,24.6,,0,14.35888836341561,
D,5,D05,mEmerald_001,Base,15.826057,484,14938969,508,9587825,24,66.81334416724899,D05,mEmerald_001,VSKGEELFTGVVPILVELDGDVNGHKFSVSGEGEGDATYGKLTLKFICTTGKLPVPWPTLVTTLTYGVQCFARYPDHMKQHDFFKSAMPEGYVQERTIFFKDDGNYKTRAEVKFEGDTLVNRIELKGIDFKEDGNILGHKLEYNYNSHKVYITADKQKNGIKVNFKTRHNIEDGSVQLADHYQQNTPIGDGPVLLPDNHYLSTQSKLSKDPNEKRDHMVLLEFVTAAGITLGMDELYK,0M-0MsubV+63F-63FsubL+64S-64SsubT+71S-71SsubA+148N-148NsubK+152M-152MsubT+166I-166IsubT+205A-205AsubK+230H-230HsubL,E05,mEmerald_002,VSKGEELFTGVVPILVELDGDVNGHKFSVSGEGEGDATYGKLTLKFICTTKLPVPWPTLVTTLSYGVQCFARYPDHMKQHDFFASAMPEGYVQERTIFFKDDGNYKTRAEVKFEGDTLVNRIELKGIDFKEDGNILGHKLEYNYNSHKVYITADKQKNGIKVNFKTRHNIEDGSVQLADHYQQNTPIGDGPVLLPDNHYLSTQSKLSKDPNEKRDHMVLLEFVTAAGITLGMDELYK,50G-50Gdel+64T-64TsubS+84K-84KsubA,1.5254875,15.826057,86.93441,UCB(0.1),Stokes Shift,mEmerald,487.0,509.0,0.68,39.1,,0,16.519483725916874,
D,6,D06,mT-Sapphire_001,Base,94.707405,396,2417940,512,11074577,116,453.37460183402527,D06,mT-Sapphire_001,VSKGEELFTGVVPILVELDGDVNGHKFSVSGEGEGDATYGKLTLKFICTTGKLPVPWPTLVTTFSYGVMVFARYPDHMKQHDFFKSAMPEGYVQERTIFFKDDGNYKTRAEVKFEGDTLVNRIELKGIDFKEDGNILGHKLEYNFNSHNVYIMADKQKNGIKANFKIRHNIEDGGVQLADHYQQNTPIGDGPVLLPDNHYLSIQSKLSKDPNEKRDHMVLLEFVTAAGITLGMDELYK,0M-0MsubV+68Q-68QsubM+69C-69CsubV+71S-71SsubA+144Y-144YsubF+162V-162VsubA+174S-174SsubG+202T-202TsubI+205A-205AsubK+230H-230HsubL,E06,mT-Sapphire_002,VSKGEELFTGVVPILVELDGDVNGHKFSVSGEGEGDATYGKLTLKFICTTGKLPVPWPTLVTTFSYGVMVFARYPDHMKQHDFFKSAMPEGYVQERTIFFKDDGNYKTRAEVKFSYGDTLVNRIEALKGIDFKEDGNILGHKLEYNFNSHNVYIMADKQKNGIKANFKIRHNIEDGGVQLADHYQQNTPIGDGPVLLPDNHYLSIQSKLSKDPNEKRDHMVLLEFVTAAGITLGMDELYK,114E-114EsubSE+114E-114EsubY+124L-124LsubAL,2.1384592,94.707405,104.76871,UCB(0.1),Stokes Shift,mT-Sapphire,399.0,511.0,0.6,26.4,,0,14.698426495953223,
D,11,D11,YPet_001,Base,14.314812,514,89864344,530,3127358,16,2.8398585953440003,D11,YPet_001,VSKGEELFTGVVPILVELDGDVNGHKFSVSGEGEGDATYGKLTLKLLCTTGKLPVPWPTLVTTLGYGVQCFARYPDHMKQHDFFKSAMPEGYVQERTIFFKDDGNYKTRAEVKFEGDTLVNRIELKGIDFKEDGNILGHKLEYNYNSHNVYITADKQKNGIKANFKIRHNIEDGGVQLADHYQQNTPIGDGPVLLPDNHYLSYQSALFKDPNEKRDHMVLLEFLTAAGITEGMNELYK,0M-0MsubV+45F-45FsubL+46I-46IsubL+63F-63FsubL+64S-64SsubG+71S-71SsubA+152M-152MsubT+162V-162VsubA+174S-174SsubG+202T-202TsubY+207S-207SsubF+223V-223VsubL+230H-230HsubE+233D-233DsubN,E11,YPet_002,VSKGEELFTGVVPILVELDGDVNGHKFSVSGEGEGDATYGKLTLKLLCTTGKLPVPWPTLVTTLSYGVICFARYPDHMKQHDFFKSAMPEGYVQERTIFFKDDGNYKTRAEVKFEGDTLVNRIELKGIDFKEDGNILGHKLEYNYNSHNVYITADKQKNGIKANFKIRHNIEDGGVQLADAYQQNTPIGDGPVLLPDNHYLSYQSALFKDPNEKRDHMVLLEFLTAAGITEGMNELYK,64G-64GsubS+68Q-68QsubI+180H-180HsubA,1.632483,14.314812,89.841965,UCB(0.1),Stokes Shift,YPet,517.0,530.0,0.77,80.08,,0,18.313811802302983,
E,3,E03,EGFP_001,Base,18.305336,486,6405592,510,7016858,24,32.42919807289599,E03,EGFP_001,VSKGEELFTGVVPILVELDGDVNGHKFSVSGEGEGDATYGKLTLKFICTTGKLPVPWPTLVTTLTYGVQCFSRYPDHMKQHDFFKSAMPEGYVQERTIFFKDDGNYKTRAEVKFEGDTLVNRIELKGIDFKEDGNILGHKLEYNYNSHNVYIMADKQKNGIKVNFKIRHNIEDGSVQLADHYQQNTPIGDGPVLLPDNHYLSTQSALSKDPNEKRDHMVLLEFVTAAGITLGMDELYK,0M-0MsubV+63F-63FsubL+64S-64SsubT+230H-230HsubL,F03,EGFP_002,VSKGEELFTGVVPILVELDGDVNGHKFSVSGEGEGDATYGKLTLKFICTTGKLPVPWPTLVTTLSYGVQCFSRYPDHMKQHDFFKSAMPEGYVQERTIFFKDDGNYKTRAEVKFEGDTLVNRIELKGIDFKEDGNILGHKLEYNYNSHNVYIMAPKQKNGIKVNFKIRHNIEDGSVQLADHYQQNTPIGDGPVLLPSNHYLSTQSALSKDPNEKRDHMVLLEFVTAAGITLGMDELYK,64T-64TsubS+154D-154DsubP+196D-196DsubS,1.531498,18.305336,87.05505,UCB(0.1),Stokes Shift,EGFP,488.0,507.0,0.6,33.54,"enhanced GFP, GFPmut1",0,15.672681916832575,
E,4,E04,mCitrine_001,Base,12.46796,514,56436540,530,3583272,16,12.475306561600002,E04,mCitrine_001,VSKGEELFTGVVPILVELDGDVNGHKFSVSGEGEGDATYGKLTLKFICTTGKLPVPWPTLVTTFGYGLMCFARYPDHMKQHDFFKSAMPEGYVQERTIFFKDDGNYKTRAEVKFEGDTLVNRIELKGIDFKEDGNILGHKLEYNYNSHNVYIMADKQKNGIKVNFKIRHNIEDGSVQLADHYQQNTPIGDGPVLLPDNHYLSYQSKLSKDPNEKRDHMVLLEFVTAAGITLGMDELYK,0M-0MsubV+64S-64SsubG+67V-67VsubL+68Q-68QsubM+71S-71SsubA+202T-202TsubY+205A-205AsubK+230H-230HsubL,F04,mCitrine_002,VSKGEELFTGVVPILVELDGDVNGHKFSVSGEGEGDATYGKLTLKFICTTGKLPVPWPDLVTTFSYGIMCFARYPDHMKQHDFFKSAMPEGYVQERTIFFKDDGNYKTRAEVKFEGDTLVNRIELKGIDFKEDGNILGHKLEYNYNSHNVYIMADKQKNGIKVNFKIRHNIEDGSVQLADHYQQNTPIGDGPVLLPDNHYLSYQSKLSKDPNEKRDHMVLLEFVTAAGITLGMDELYK,58T-58TsubD+64G-64GsubS+67L-67LsubI,1.3933984,12.46796,83.039734,UCB(0.1),Stokes Shift,mCitrine,516.0,529.0,0.74,69.56,,0,17.84862737903003,
E,7,E07,mVenus-Q69M_001,Base,13.033676,514,80128184,530,3138110,16,8.799078072976002,E07,mVenus-Q69M_001,VSKGEELFTGVVPILVELDGDVNGHKFSVSGEGEGDATYGKLTLKLICTTGKLPVPWPTLVTTLGYGLMCFARYPDHMKQHDFFKSAMPEGYVQERTIFFKDDGNYKTRAEVKFEGDTLVNRIELKGIDFKEDGNILGHKLEYNYNSHNVYITADKQKNGIKANFKIRHNIEDGGVQLADHYQQNTPIGDGPVLLPDNHYLSYQSKLSKDPNEKRDHMVLLEFVTAAGITLGMDELYK,0M-0MsubV+45F-45FsubL+63F-63FsubL+64S-64SsubG+67V-67VsubL+68Q-68QsubM+71S-71SsubA+152M-152MsubT+162V-162VsubA+174S-174SsubG+202T-202TsubY+205A-205AsubK+230H-230HsubL,F07,mVenus-Q69M_002,VSKGEELFTGVVPILVELDGDVNGHKFSVSGEGEGDATYGKLTLKLICTTGKLPVPWPTLVTTLSYGVMCFARYPDHMKQHDFFKSAMPEGYVQERTIFFHDDGNYKTRAEVKFEGDTLVNRIELKGIDFKEDGNILGHKLEYNYNSHNVYITADKQKNGIKANFKIRHNIEDGGVQLADHYQQNTPIGDGPVLLPDNHYLSYQSKLSKDPNEKRDHMVLLEFVTAAGITLGMDELYK,64G-64GsubS+67L-67LsubV+100K-100KsubH,1.6368964,13.033676,89.94216,UCB(0.1),Stokes Shift,mVenus-Q69M,515.0,528.0,,96.97,mVenus ME,0,18.199138210325096,
E,8,E08,SGFP2(E222Q)_001,Base,15.496323,498,23004274,514,6268410,16,0.2536905203289997,E08,SGFP2(E222Q)_001,VSKGEELFTGVVPILVELDGDVNGHKFSVSGEGEGDATYGKLTLKFICTTGKLPVPWPTLVTTLTYGVQCFARYPDHMKQHDFFKSAMPEGYVQERTIFFKDDGNYKTRAEVKFEGDTLVNRIELKGIDFKEDGNILGHKLEYNYNSHNVYITADKQKNGIKANFKIRHNIEDGGVQLADHYQQNTPIGDGPVLLPDNHYLSTQSKLSKDPNEKRDHMVLLQFVTAAGITLGMDELYK,0M-0MsubV+63F-63FsubL+64S-64SsubT+71S-71SsubA+152M-152MsubT+162V-162VsubA+174S-174SsubG+205A-205AsubK+221E-221EsubQ+230H-230HsubL,F08,SGFP2(E222Q)_002,VSKGEWLFTGVVPILVELDGDSNGHKFSVSGEGEGDATYGKLTLKFICTTGKLPVPWPTLVTTLSYGVQCFARYPDHMKQHDFFKSAMPEGYVQERTIFFKDDGNYKTRAEVKFEGDTLVNRIELKGIDFKEDGNILGHKLEYNYNSHNVYITADKQKNGIKANFKIRHNIEDGGVQLADHYQQNTPIGDGPVLLPDNHYLSTQSKLSKDPNEKRDHMVLLQFVTAAGITLGMDELYK,5E-5EsubW+21V-21VsubS+64T-64TsubS,1.4938236,15.496323,85.89522,UCB(0.1),Stokes Shift,SGFP2(E222Q),496.0,512.0,0.52,34.84,,0,16.95119058271685,
E,10,E10,usGFP_001,Base,19.02889,484,18202234,508,8576511,24,24.711934632099993,E10,usGFP_001,SKGEELFTGVVPILVELDGDVNGHKFSVRGEGEGDATNGKLTLKFICTTGKLPVPWPTLVTTLTYGVLCFSRYPDHMKRHDFFKSAMPEGYVQERTISFKDDGTYKTRAEVKFEGDTLVNRIELKGIDFKEDGNILGHKLEYNFNSHNVYITADKQKNGIKAYFKIRHNVEDGSVQLADHYQQNTPIGDGPVLLPDNHYLSTQSVLSKDPNEKRDHMVLLEFVTAAGITHGMDELYK,0M-0Mdel+29S-29SsubR+38Y-38YsubN+63F-63FsubL+64S-64SsubT+68Q-68QsubL+79Q-79QsubR+98F-98FsubS+104N-104NsubT+144Y-144YsubF+152M-152MsubT+162V-162VsubA+163N-163NsubY+170I-170IsubV+205A-205AsubV,F10,usGFP_002,SKGEELFTGVVPILVELDGDVNGHKFSVRGEGEGDATNGKLTLKFICTTGKLPVPWPTLVTTLSYGVLCFSRYPDHMKRHDFFKSAMPEGYVQERTISFKDDGTYKTRAEVKFEGDTLVNRIELKGIDFKEDGNILGHKLEYNFNSHNVYITADKQKNGIKAYFKIRHQVEDGSVQLADHYQQNTPIGDGPVLLPDNHYLSTQSVLSKDPNEKRDHMVLLEFVTAAGITHSMDELYK,63T-63TsubS+168N-168NsubQ+230G-230GsubS,1.5542985,19.02889,87.616264,UCB(0.1),Stokes Shift,usGFP,490.0,508.0,0.45,46.35,ultra-stable GFP,0,16.717054891766942,
F,2,F02,cfSGFP2_001,Base,21.012922,492,16525529,512,19238294,20,1.0260109780839992,F02,cfSGFP2_001,VSKGEELFTGVVPILVELDGDVNGHKFSVSGEGEGDATYGKLTLKFISTTGKLPVPWPTLVTTLTYGVQMFARYPDHMKQHDFFKSAMPEGYVQERTIFFKDDGNYKTRAEVKFEGDTLVNRIELKGIDFKEDGNILGHKLEYNYNSHNVYITADKQKNGIKANFKIRHNIEDGGVQLADHYQQNTPIGDGPVLLPDNHYLSTQSKLSKDPNEKRDHMVLLEFVTAAGITLGMDELYK,0M-0MsubV+47C-47CsubS+63F-63FsubL+64S-64SsubT+69C-69CsubM+71S-71SsubA+152M-152MsubT+162V-162VsubA+174S-174SsubG+205A-205AsubK+230H-230HsubL,G02,cfSGFP2_002,VSKGEELFTVVPILVELDGDVNGHKFSVSGEGEGDATYGKLTLKFISTTGKLPVPWPTLVTTLSYGVQMFARYPDHMKQHDFFKSAMPEGYVQERTIFFKDDGNYKTRAEVKFEGDTLVNRIELKGIDVKEDGNILGHKLEYNYNSHNVYITADKQKNGIKANFKIRHNIEDGGVQLADHYQQNTPIGDGPVLLPDNHYLSTQSKLSKDPNEKRDHMVLLEFVTAAGITLGMDELYK,9G-9Gdel+64T-64TsubS+129F-129FsubV,1.5439473,21.012922,87.44694,UCB(0.1),Stokes Shift,cfSGFP2,493.0,517.0,0.75,33.75,,0,16.620416955292523,
F,5,F05,mEYFP_001,Base,11.202702,512,49114204,530,3351237,18,46.203260100803995,F05,mEYFP_001,VSKGEELFTGVVPILVELDGDVNGHKFSVSGEGEGDATYGKLTLKFICTTGKLPVPWPTLVTTFGYGLQCFARYPDHMKQHDFFKSAMPEGYVQERTIFFKDDGNYKTRAEVKFEGDTLVNRIELKGIDFKEDGNILGHKLEYNYNSHNVYIMADKQKNGIKVNFKIRHNIEDGSVQLADHYQQNTPIGDGPVLLPDNHYLSYQSKLSKDPNEKRDHMVLLEFVTAAGITLGMDELYK,0M-0MsubV+64S-64SsubG+67V-67VsubL+71S-71SsubA+202T-202TsubY+205A-205AsubK+230H-230HsubL,G05,mEYFP_002,VSKGEELFTGVVPILVELDGDVNGHKFSVSGEGEGDATYGKLHLKFICTTGKLPVPWPTLVTTFGYGLQCFARYPDHMKQHDFFKSAMPEGYVQERTIFFKDDGNYKTRAEVKFEGDTLVNRIELKGIDFKEDGNILGHKLEYNYNSHNVYIMADKQKNGIKVNFKIRHNIEDGSVQLADHYQQNDPIGDGPVLLPDNHYLSYQSKLSKDPNEKRDHMVLLEFVTAAGITLGMDELYK,42T-42TsubH+185T-185TsubD,-0.92314273,11.202702,11.499025,Control,Stokes Shift,mEYFP,515.0,528.0,0.62,48.98,,0,17.709658838098328,
F,6,F06,mTurquoise_001,Base,55.432068,434,4217018,484,14518939,50,29.507362756624012,F06,mTurquoise_001,VSKGEELFTGVVPILVELDGDVNGHKFSVSGEGEGDATYGKLTLKFICTTGKLPVPWPTLVTTLSWGVQCFARYPDHMKQHDFFKSAMPEGYVQERTIFFKDDGNYKTRAEVKFEGDTLVNRIELKGIDFKEDGNILGHKLEYNYISDNVYITADKQKNGIKANFKIRHNIEDGGVQLADHYQQNTPIGDGPVLLPDNHYLSTQSKLSKDPNEKRDHMVLLEFVTAAGITLGMDELYK,0M-0MsubV+63F-63FsubL+65Y-65YsubW+71S-71SsubA+145N-145NsubI+147H-147HsubD+152M-152MsubT+162V-162VsubA+174S-174SsubG+205A-205AsubK+230H-230HsubL,G06,mTurquoise_002,VSKGEELFTGVVPILVELDGDVNGHKFSVSGEGEGDATYGKLTLKFICTTGKLPVPWPTLVTTLSYGVQCSARYPDHMKQHDFFKSAMPEGYVQERTIFFKDDGNYKTRAEVKFEGDTLVNRIELKGIDFKEDGNILGHKLEYNYISDNVYITGDKQKNGIKANFKIRHNIEDGGVQLADHYQQNTPIGDGPVLLPDNHYLSTQSKLSKDPNEKRDHMVLLEFVTAAGITLGMDELYK,65W-65WsubY+70F-70FsubS+153A-153AsubG,1.5440187,55.432068,87.429726,UCB(0.1),Stokes Shift,mTurquoise,434.0,474.0,0.84,25.2,,0,15.254638801156865,
F,9,F09,TagGFP_001,Base,28.918034,478,8002164,506,10836491,28,0.8427864251559976,F09,TagGFP_001,SGGEELFAGVVPILVELDGDVNGHKFSVSGEGEGDATYGKLTLKFICTTGKLPVPWPTLVTTLCYGVQCFSRYPDHMKQHDFFKSAMPEGYVQERTILFKDDGNYKTRAEVKFEGDTLVNRIELKGKDFKEDGNILGHKLEYSYNSHNVYIMADKQKNGIEVNFKTRHNIEDGSVQLADHYQQNTPIGDGPVLLPDNHYLSTQSALSKDPNEARDHMVLLELSTAACITHGMDELYR,0M-0Mdel+2K-2KsubG+8T-8TsubA+63F-63FsubL+64S-64SsubC+98F-98FsubL+127I-127IsubK+143N-143NsubS+161K-161KsubE+166I-166IsubT+213K-213KsubA+222F-222FsubL+223V-223VsubS+227G-227GsubC+237K-237KsubR,G09,TagGFP_002,SGGEELFAGVVPILVELDGDVNGHKFSVSGEGEGDATYDKLTLKFICTTGKLPVPWPTLVTTLSYGVMCFSRYPDHMKQHDFFKSAMPEGYVQERTILFKDDGNYKTRAEVKFEGDTLVNRIELKGKDFKEDGNILGHKLEYSYNSHNVYIMADKQKNGIEVNFKTRHNIEDGSVQLADHYQQNTPIGDGPVLLPDNHYLSTQSALSKDPNEARDHMVLLELSTAACITHGMDELYR,38G-38GsubD+63C-63CsubS+67Q-67QsubM,1.7174486,28.918034,92.5114,UCB(0.1),Stokes Shift,TagGFP,482.0,505.0,0.6,33.0,,0,15.89522256306558,
G,3,G03,Emerald_001,Base,17.21228,482,20363138,508,12231152,26,77.2240227984,G03,Emerald_001,VSKGEELFTGVVPILVELDGDVNGHKFSVSGEGEGDATYGKLTLKFICTTGKLPVPWPTLVTTLTYGVQCFARYPDHMKQHDFFKSAMPEGYVQERTIFFKDDGNYKTRAEVKFEGDTLVNRIELKGIDFKEDGNILGHKLEYNYNSHKVYITADKQKNGIKVNFKTRHNIEDGSVQLADHYQQNTPIGDGPVLLPDNHYLSTQSALSKDPNEKRDHMVLLEFVTAAGITLGMDELYK,0M-0MsubV+63F-63FsubL+64S-64SsubT+71S-71SsubA+148N-148NsubK+152M-152MsubT+166I-166IsubT+230H-230HsubL,H03,Emerald_002,VSKGEELFTGVVPILVELDGDVNGHKFSVSGEGEGDATYGKLTLKFICTTGKLPVPWPTLVTTLSYGVQCFARYPDHMKQHDFFKSAMPEGYVQERTIFFKDDGNYKTRAEVKFEGDTLVNRIELVGIDFKEDGNILGHKLEYNYNSHKVYITADKQKNGIKVNFKTRHNIEDGSVQLADHYQQNTPIGDGPVLLPDNHYLSTQSALSKDPNEKRDHMVLLEFVYAAGITLGMDELYK,64T-64TsubS+125K-125KsubV+224T-224TsubY,1.469977,17.21228,85.25794,UCB(0.1),Stokes Shift,Emerald,487.0,509.0,0.68,39.1,,0,16.829236863507184,
G,4,G04,mClover3_001,Base,18.112953,504,33087024,520,3759452,16,4.464570380209004,G04,mClover3_001,VSKGEELFTGVVPILVELDGDVNGHKFSVRGEGEGDATNGKLTLKFICTTGKLPVPWPTLVTTFGYGVACFSRYPDHMKQHDFFKSAMPEGYVQERTISFKDDGTYKTRAEVKFEGDTLVNRIELKGIDFKEDGNILGHKLEYNFNSHYVYITADKQKNCIKANFKIRHNVEDGSVQLADHYQQNTPIGDGPVLLPDNHYLSHQSKLSKDPNEKRDHMVLLEFVTAAGITHGMDELYK,0M-0MsubV+29S-29SsubR+38Y-38YsubN+64S-64SsubG+68Q-68QsubA+98F-98FsubS+104N-104NsubT+144Y-144YsubF+148N-148NsubY+152M-152MsubT+159G-159GsubC+162V-162VsubA+170I-170IsubV+202T-202TsubH+205A-205AsubK,H04,mClover3_002,VSKGEELFTGVVPILVELDGDVNGHKFSVRGEGEGDATNGKLTLKFICTTGKLPVPWPTLVTTFSYGVACFSRYPDHMKQIHDFFKSAMPEGYVQERTISFKDDGTYKTRAEVKFEGDTLVNRIELKGIDFKEDGNILGHKLEYNFNSHYVYITADKQKNCIKANFKIRHNVEDGSVQLADHYQQNTPIGDGPVLLPDNHYLSHYSKLSKDPNEKRDHMVLLEFVTAAGITHGMDELYK,64G-64GsubS+80H-80HsubIH+203Q-203QsubY,1.4027283,18.112953,83.03029,UCB(0.1),Stokes Shift,mClover3,506.0,518.0,0.78,85.02,,0,17.314651739316545,
G,7,G07,SGFP1_001,Base,13.071415,498,6778436,512,11145065,14,0.862270102225,G07,SGFP1_001,VSKGEELFTGVVPILVELDGDVNGHKFSVSGEGEGDATYGKLTLKFICTTGKLPVPWPTLVTTLTYGLQCFARYPDHMKQHDFFKSAMPEGYVQERTIFFKDDGNYKTRAEVKFEGDTLVNRIELKGIDFKEDGNILGHKLEYNYNSHNVYITADKQKNGIKANFKIRHNIEDGGVQLADHYQQNTPIGDGPVLLPDNHYLSTQSKLSKDPNEKRDHMVLLEFVTAAGITLGMDELYK,0M-0MsubV+63F-63FsubL+64S-64SsubT+67V-67VsubL+71S-71SsubA+152M-152MsubT+162V-162VsubA+174S-174SsubG+205A-205AsubK+230H-230HsubL,H07,SGFP1_002,VSKGEELFTGVVPILVELDGDVNGHKFSVSGGEGDATYGKLTLKFICTTGKLPVPWPTLVTTLSYGLRCFARYPDHMKQHDFFKSAMPEGYVQERTIFFKDDGNYKTRAEVKFEGDTLVNRIELKGIDFKEDGNILGHKLEYNYNSHNVYITADKQKNGIKANFKIRHNIEDGGVQLADHYQQNTPIGDGPVLLPDNHYLSTQSKLSKDPNEKRDHMVLLEFVTAAGITLGMDELYK,31E-31Edel+64T-64TsubS+68Q-68QsubR,1.3222426,13.071415,80.57596,UCB(0.1),Stokes Shift,SGFP1,495.0,512.0,0.62,26.04,,0,15.729256954840132,
G,8,G08,SGFP2(T65G)_001,Base,15.61455,502,12326384,516,3700495,14,2.6067717024999983,G08,SGFP2(T65G)_001,VSKGEELFTGVVPILVELDGDVNGHKFSVSGEGEGDATYGKLTLKFICTTGKLPVPWPTLVTTLGYGVQCFARYPDHMKQHDFFKSAMPEGYVQERTIFFKDDGNYKTRAEVKFEGDTLVNRIELKGIDFKEDGNILGHKLEYNYNSHNVYITADKQKNGIKANFKIRHNIEDGGVQLADHYQQNTPIGDGPVLLPDNHYLSTQSKLSKDPNEKRDHMVLLEFVTAAGITLGMDELYK,0M-0MsubV+63F-63FsubL+64S-64SsubG+71S-71SsubA+152M-152MsubT+162V-162VsubA+174S-174SsubG+205A-205AsubK+230H-230HsubL,H08,SGFP2(T65G)_002,VSKGEELFTGVVPILVELDGDVNGHKFSVSGEGEGDATYGKLTLKFICTTGKLSPVPWPTLVTTLSYGVQCFARYPDHMKQHDFFKSAMPEGYVQERTIFFKDDGNYKTRAEVKFEGDTLVNRIELKGIDFKEDGNILGHKLEYNYNSHNVYITADKQKNGIKANFKIRHNIEDGGVQLADHYQQNTPIGDGPVLLPDNHYLSTQSKLSKDPNEKRDHMVYLLEFVTAAGITLGMDELYK,53P-53PsubSP+64G-64GsubS+219L-219LsubYL,1.4800297,15.61455,85.56264,UCB(0.1),Stokes Shift,SGFP2(T65G),501.0,512.0,0.35,31.5,,0,16.32725256367799,
H,2,H02,Citrine2_001,Base,13.833765,510,28840290,526,3642431,16,4.692574075225002,H02,Citrine2_001,VSKGEELFTGVVPILVELDGDVNGHKFSVTGEGEGDATYGKLTLKFICTTGKLPVPWPTLVTTFGYGLTCFARYPDHMKQHDFFKSAMPEGYVQERTIFFKDDGNYKTRAEVKFEGDTLVNRIELKGIDFKEDGNILGHKLEYNHNSHYVYIMADKQKNGIKANFKIRHNIEDGSVQLADHYQQNTPIGDGPVLLPDNHYLSYQSQLSKDPNEERDHTVLLEFVTAAGITLGMGELYK,0M-0MsubV+29S-29SsubT+64S-64SsubG+67V-67VsubL+68Q-68QsubT+71S-71SsubA+144Y-144YsubH+148N-148NsubY+162V-162VsubA+202T-202TsubY+205A-205AsubQ+213K-213KsubE+217M-217MsubT+230H-230HsubL+233D-233DsubG,A03,Citrine2_002,VSKGEELFTGVVPILVELDGDVNGHKFSVTGEGEGDATYGKLTLKFICTTGKLPVPWPTLVTTFSYGATCFARYPDHMKQHDFFKSAMPEGYVQERTIFFKDDGNYKTRAEVKFEGDTLVNRIELKGIDFKEDGNILGHKLEYNHNSHYVYIMADKQKNGIKANFKIRHNIEDGSVQLADHYQQNTPIGDGPVLLPDNHYLSYQSQLSKDPNEERDHTVLLEFVTAAGITLGMGELYK,64G-64GsubS+67L-67LsubA,1.4493567,13.833765,84.69716,UCB(0.1),Stokes Shift,Citrine2,509.0,522.0,0.7,68.6,,0,17.17728392580897,
H,5,H05,mGold_001,Base,23.922585,514,19337760,530,3195226,16,62.76735308222502,H05,mGold_001,VSKGEELFTGVVPILVELDGDVNGHKFSVSGEGEGDATYGKLTLKFICTTGKLPVPWPTLVTSLGYGLQCFARYPDHMKQHDFFKSAMPEGYVQERTIFFKDDGNYKTRAEVKFEGDTLVNRIELKGIDFKEDGNILGHKLEYNYNSHNVYITADKQKNGIKANFKIRHNIEDGGVQLADHYQQNTPIGDGPVLLPDNHYLSYQSKLSKDPNEKRDHMVLLEFVTAAGITLGMDELYK,0M-0MsubV+62T-62TsubS+63F-63FsubL+64S-64SsubG+67V-67VsubL+71S-71SsubA+152M-152MsubT+162V-162VsubA+174S-174SsubG+202T-202TsubY+205A-205AsubK+230H-230HsubL,A06,mGold_002,VSKGEELFTGVVPILVELDGDNNGHKFSVSGEGEGDATYGKLTLKFICTTGKLPVPWPTLVTSLGYGLQCFARYPDHMKQHDFFKSAMPEGYVQERTIFFKSDGNYKTRAEVKFEGDTLVNRIELKGIDFKEDGNILGHKLEYNYNSHNVYITADKQKNGIKANFKIRHNIEDGGVQLADHYQQNTPIGDGPVLLEDNHYLSYQSKLSKDPNEKRDHMVLLEFVTAAGITLGMDELYK,21V-21VsubN+101D-101DsubS+195P-195PsubE,-0.48681825,23.922585,24.566824,Control,Stokes Shift,mGold,515.0,531.0,0.64,68.48,,0,16.777570219151222,
H,6,H06,mTurquoise2_001,Base,55.31428,436,10709441,484,32221710,48,53.49869191839995,H06,mTurquoise2_001,VSKGEELFTGVVPILVELDGDVNGHKFSVSGEGEGDATYGKLTLKFICTTGKLPVPWPTLVTTLSWGVQCFARYPDHMKQHDFFKSAMPEGYVQERTIFFKDDGNYKTRAEVKFEGDTLVNRIELKGIDFKEDGNILGHKLEYNYFSDNVYITADKQKNGIKANFKIRHNIEDGGVQLADHYQQNTPIGDGPVLLPDNHYLSTQSKLSKDPNEKRDHMVLLEFVTAAGITLGMDELYK,0M-0MsubV+63F-63FsubL+65Y-65YsubW+71S-71SsubA+145N-145NsubF+147H-147HsubD+152M-152MsubT+162V-162VsubA+174S-174SsubG+205A-205AsubK+230H-230HsubL,A07,mTurquoise2_002,VSKGEELFTGVVPILVELDGDVNGHKFSVSGEGEGDATYGKLTLKFICTTGKLPVPWPTLVTTLSYGVTCFARYPDHMKQHDFFKSAMPEGYVQERTIFFKDDGNYKTRAEVKFEGDTLVNRIELKGIDFKEDGNILGHKLEYNYFSDNVYITMDKQKNGIKANFKIRHNIEDGGVQLADHYQQNTPIGDGPVLLPDNHYLSTQSKLSKDPNEKRDHMVLLEFVTAAGITLGMDELYK,65W-65WsubY+68Q-68QsubT+153A-153AsubM,1.572236,55.31428,88.035065,UCB(0.1),Stokes Shift,mTurquoise2,434.0,474.0,0.93,27.9,,0,16.18663624685075,
H,9,H09,Topaz_001,Base,15.906347,512,45795948,530,3199340,18,4.383382884408999,H09,Topaz_001,SKGEELFTGVVPILVELDGDVNGHKFSVSGEGEGDATYGKLTLKFICTTGKLPVPWPTLVTTFGYGVQCFARYPDHMRRHDFFKSAMPEGYVQERTIFFKDDGNYKTRAEVKFEGDTLVNRIELKGIDFKEDGNILGHKLEYNYNSHNVYIMADKQKNGIKVNFKIRHNIEDGSVQLADHYQQNTPIGDGPVLLPDNHYLSYQSALSKDPNEKRDHMVLLEFVTAAGITLGMDELYK,0M-0Mdel+64S-64SsubG+71S-71SsubA+78K-78KsubR+79Q-79QsubR+202T-202TsubY+230H-230HsubL,A10,Topaz_002,SKGTELFTGVVPILVELDGDVNGHKFSVSGEGEGDATYGKLTLKFICTTGKLPVPWPTLVTTFSYGVTCFARYPDHMRRHDFFKSAMPEGYVQERTIFFKDDGNYKTRAEVKFEGDTLVNRIELKGIDFKEDGNILGHKLEYNYNSHNVYIMADKQKNGIKVNFKIRHNIEDGSVQLADHYQQNTPIGDGPVLLPDNHYLSYQSALSKDPNEKRDHMVLLEFVTAAGITLGMDELYK,3E-3EsubT+63G-63GsubS+67Q-67QsubT,1.61188,15.906347,89.36277,UCB(0.1),Stokes Shift,Topaz,514.0,527.0,0.6,56.7,,0,17.63970617355485,
H,10,H10,Venus_001,Base,12.179129,514,39360080,530,3118765,16,14.599055198641002,H10,Venus_001,VSKGEELFTGVVPILVELDGDVNGHKFSVSGEGEGDATYGKLTLKLICTTGKLPVPWPTLVTTLGYGLQCFARYPDHMKQHDFFKSAMPEGYVQERTIFFKDDGNYKTRAEVKFEGDTLVNRIELKGIDFKEDGNILGHKLEYNYNSHNVYITADKQKNGIKANFKIRHNIEDGGVQLADHYQQNTPIGDGPVLLPDNHYLSYQSALSKDPNEKRDHMVLLEFVTAAGITLGMDELYK,0M-0MsubV+45F-45FsubL+63F-63FsubL+64S-64SsubG+67V-67VsubL+71S-71SsubA+152M-152MsubT+162V-162VsubA+174S-174SsubG+202T-202TsubY+230H-230HsubL,A11,Venus_002,VSKGEELFTGVVPILVELDGDVNGHKFSVSGEGEGDATYGKLTLKLICTTGKLPVPWPTLVTTLSYGLQCFARYPDHMKQHDFFKSAMPEGYVQERTIFFKDDGNYKERAEVKFEGDTLVNRIELKGIDFKEDGNILGHKLEYNYNSHNVYITADKQKNGIKANFKIRHNIEDGGVQLADHYQQNTPIGDGPVLLPDNHYLSYGQSALSKDPNEKRDHMVLLEFVTAAGITLGMDELYK,64G-64GsubS+107T-107TsubE+203Q-203QsubGQ,1.3635628,12.179129,81.65169,UCB(0.1),Stokes Shift,Venus,515.0,528.0,0.57,52.55,SEYFP-F46L,0,17.488262662666585,
A,2,A02,avGFP_007,Opt,86.70026,394,9539117,510,53737748,116,858.4747640676,,avGFP,,,A02,avGFP_007,SKGEELFTGVVPILVELDGDVNGHKFSVSGEGEGDATYGKLTLKFICTTGKLPVPWPTLVTTLSYGVQCFSRYPDHMKQHDFFKSAMPEGYVQERTIFFKDDGNYKTRAEVKFEGDTLVNRIELKGIDFKEDGNILGHKLEYNYNSHNAYIMADKQKNGIKVNFKIRHNIEDGSVQHADHYQQNTPIGDGPVLLPDNHYLSTQSALSKDPNEKRDHMVLLEFVTAAGITHGMDELYK,,1.5401092,86.69214,86.70026,LocalFL,Stokes Shift,,,,,,,2,16.070911481488753,114.0
A,3,A03,Citrine2_002,Opt,84.69716,396,5191836,520,18112044,124,1544.7132320656003,H02,Citrine2_001,VSKGEELFTGVVPILVELDGDVNGHKFSVTGEGEGDATYGKLTLKFICTTGKLPVPWPTLVTTFGYGLTCFARYPDHMKQHDFFKSAMPEGYVQERTIFFKDDGNYKTRAEVKFEGDTLVNRIELKGIDFKEDGNILGHKLEYNHNSHYVYIMADKQKNGIKANFKIRHNIEDGSVQLADHYQQNTPIGDGPVLLPDNHYLSYQSQLSKDPNEERDHTVLLEFVTAAGITLGMGELYK,0M-0MsubV+29S-29SsubT+64S-64SsubG+67V-67VsubL+68Q-68QsubT+71S-71SsubA+144Y-144YsubH+148N-148NsubY+162V-162VsubA+202T-202TsubY+205A-205AsubQ+213K-213KsubE+217M-217MsubT+230H-230HsubL+233D-233DsubG,A03,Citrine2_002,VSKGEELFTGVVPILVELDGDVNGHKFSVTGEGEGDATYGKLTLKFICTTGKLPVPWPTLVTTFSYGATCFARYPDHMKQHDFFKSAMPEGYVQERTIFFKDDGNYKTRAEVKFEGDTLVNRIELKGIDFKEDGNILGHKLEYNHNSHYVYIMADKQKNGIKANFKIRHNIEDGSVQLADHYQQNTPIGDGPVLLPDNHYLSYQSQLSKDPNEERDHTVLLEFVTAAGITLGMGELYK,64G-64GsubS+67L-67LsubA,1.4493567,13.833765,84.69716,UCB(0.1),Stokes Shift,Citrine2,509.0,522.0,0.7,68.6,,108,15.46259794981017,16.0
A,5,A05,mClover3_003,Opt,19.530449,504,15671856,520,2843255,16,12.464070141601006,,mClover3_001,,,A05,mClover3_003,VSKGEELFTGVVPILVELDGDVNGHKFSVRGEGEGDATNGKLTLKFICTTGKLPVAWPTLVTTFGYGVACFSRYPDHMKQHDFFKSAMPEGYVQERTISFKDDGTYKTRAEVKFEGDTLVNRIELKGIDFKEDGNILGHKLEYNFNSHYVYITADKQKMCIKANFKIRHNVEDGSVQLADHYQQNTPIGDGPVLLPDNHYLSHQSKLSKNPNEKRDHMVLLEFVTAAGITHGMDELYK,55P-55PsubA+158N-158NsubM+209D-209DsubN,-0.6606948,18.112953,19.530449,Control,Stokes Shift,mClover3,506.0,518.0,0.78,85.02,,0,16.567377050202893,16.0
A,6,A06,mGold_002,Opt,24.566824,390,862382,486,3125059,96,5102.698633446977,H05,mGold_001,VSKGEELFTGVVPILVELDGDVNGHKFSVSGEGEGDATYGKLTLKFICTTGKLPVPWPTLVTSLGYGLQCFARYPDHMKQHDFFKSAMPEGYVQERTIFFKDDGNYKTRAEVKFEGDTLVNRIELKGIDFKEDGNILGHKLEYNYNSHNVYITADKQKNGIKANFKIRHNIEDGGVQLADHYQQNTPIGDGPVLLPDNHYLSYQSKLSKDPNEKRDHMVLLEFVTAAGITLGMDELYK,0M-0MsubV+62T-62TsubS+63F-63FsubL+64S-64SsubG+67V-67VsubL+71S-71SsubA+152M-152MsubT+162V-162VsubA+174S-174SsubG+202T-202TsubY+205A-205AsubK+230H-230HsubL,A06,mGold_002,VSKGEELFTGVVPILVELDGDNNGHKFSVSGEGEGDATYGKLTLKFICTTGKLPVPWPTLVTSLGYGLQCFARYPDHMKQHDFFKSAMPEGYVQERTIFFKSDGNYKTRAEVKFEGDTLVNRIELKGIDFKEDGNILGHKLEYNYNSHNVYITADKQKNGIKANFKIRHNIEDGGVQLADHYQQNTPIGDGPVLLEDNHYLSYQSKLSKDPNEKRDHMVLLEFVTAAGITLGMDELYK,21V-21VsubN+101D-101DsubS+195P-195PsubE,-0.48681825,23.922585,24.566824,Control,Stokes Shift,mGold,515.0,531.0,0.64,68.48,,80,13.66745360693389,16.0
A,7,A07,mTurquoise2_002,Opt,88.035065,398,1918702,506,9755809,108,398.5986295542249,H06,mTurquoise2_001,VSKGEELFTGVVPILVELDGDVNGHKFSVSGEGEGDATYGKLTLKFICTTGKLPVPWPTLVTTLSWGVQCFARYPDHMKQHDFFKSAMPEGYVQERTIFFKDDGNYKTRAEVKFEGDTLVNRIELKGIDFKEDGNILGHKLEYNYFSDNVYITADKQKNGIKANFKIRHNIEDGGVQLADHYQQNTPIGDGPVLLPDNHYLSTQSKLSKDPNEKRDHMVLLEFVTAAGITLGMDELYK,0M-0MsubV+63F-63FsubL+65Y-65YsubW+71S-71SsubA+145N-145NsubF+147H-147HsubD+152M-152MsubT+162V-162VsubA+174S-174SsubG+205A-205AsubK+230H-230HsubL,A07,mTurquoise2_002,VSKGEELFTGVVPILVELDGDVNGHKFSVSGEGEGDATYGKLTLKFICTTGKLPVPWPTLVTTLSYGVTCFARYPDHMKQHDFFKSAMPEGYVQERTIFFKDDGNYKTRAEVKFEGDTLVNRIELKGIDFKEDGNILGHKLEYNYFSDNVYITMDKQKNGIKANFKIRHNIEDGGVQLADHYQQNTPIGDGPVLLPDNHYLSTQSKLSKDPNEKRDHMVLLEFVTAAGITLGMDELYK,65W-65WsubY+68Q-68QsubT+153A-153AsubM,1.572236,55.31428,88.035065,UCB(0.1),Stokes Shift,mTurquoise2,434.0,474.0,0.93,27.9,,60,14.467159473718088,48.0
A,10,A10,Topaz_002,Opt,89.36277,406,4324202,526,13796881,120,938.6398620729002,H09,Topaz_001,SKGEELFTGVVPILVELDGDVNGHKFSVSGEGEGDATYGKLTLKFICTTGKLPVPWPTLVTTFGYGVQCFARYPDHMRRHDFFKSAMPEGYVQERTIFFKDDGNYKTRAEVKFEGDTLVNRIELKGIDFKEDGNILGHKLEYNYNSHNVYIMADKQKNGIKVNFKIRHNIEDGSVQLADHYQQNTPIGDGPVLLPDNHYLSYQSALSKDPNEKRDHMVLLEFVTAAGITLGMDELYK,0M-0Mdel+64S-64SsubG+71S-71SsubA+78K-78KsubR+79Q-79QsubR+202T-202TsubY+230H-230HsubL,A10,Topaz_002,SKGTELFTGVVPILVELDGDVNGHKFSVSGEGEGDATYGKLTLKFICTTGKLPVPWPTLVTTFSYGVTCFARYPDHMRRHDFFKSAMPEGYVQERTIFFKDDGNYKTRAEVKFEGDTLVNRIELKGIDFKEDGNILGHKLEYNYNSHNVYIMADKQKNGIKVNFKIRHNIEDGSVQLADHYQQNTPIGDGPVLLPDNHYLSYQSALSKDPNEKRDHMVLLEFVTAAGITLGMDELYK,3E-3EsubT+63G-63GsubS+67Q-67QsubT,1.61188,15.906347,89.36277,UCB(0.1),Stokes Shift,Topaz,514.0,527.0,0.6,56.7,,102,15.279738172653778,18.0
A,11,A11,Venus_002,Opt,81.65169,388,664927,484,2714514,96,205.87399985609994,H10,Venus_001,VSKGEELFTGVVPILVELDGDVNGHKFSVSGEGEGDATYGKLTLKLICTTGKLPVPWPTLVTTLGYGLQCFARYPDHMKQHDFFKSAMPEGYVQERTIFFKDDGNYKTRAEVKFEGDTLVNRIELKGIDFKEDGNILGHKLEYNYNSHNVYITADKQKNGIKANFKIRHNIEDGGVQLADHYQQNTPIGDGPVLLPDNHYLSYQSALSKDPNEKRDHMVLLEFVTAAGITLGMDELYK,0M-0MsubV+45F-45FsubL+63F-63FsubL+64S-64SsubG+67V-67VsubL+71S-71SsubA+152M-152MsubT+162V-162VsubA+174S-174SsubG+202T-202TsubY+230H-230HsubL,A11,Venus_002,VSKGEELFTGVVPILVELDGDVNGHKFSVSGEGEGDATYGKLTLKLICTTGKLPVPWPTLVTTLSYGLQCFARYPDHMKQHDFFKSAMPEGYVQERTIFFKDDGNYKERAEVKFEGDTLVNRIELKGIDFKEDGNILGHKLEYNYNSHNVYITADKQKNGIKANFKIRHNIEDGGVQLADHYQQNTPIGDGPVLLPDNHYLSYGQSALSKDPNEKRDHMVLLEFVTAAGITLGMDELYK,64G-64GsubS+107T-107TsubE+203Q-203QsubGQ,1.3635628,12.179129,81.65169,UCB(0.1),Stokes Shift,Venus,515.0,528.0,0.57,52.55,SEYFP-F46L,80,13.407432539176247,16.0
B,1,B01,Aquamarine_002,Opt,89.78497,390,783804,488,3250682,98,67.48671790089998,A01,Aquamarine_001,VSKGEELFTGVVPILVELDGDVNGHKFSVSGEGEGDATYGKLTLKFICTTGKLPVPWPTLVTTLSWGVQCFSRYPDHMKQHDFFKSAMPEGYVQERTIFFKDDGNYKTRAEVKFEGDTLVNRIELKGIDFKEDGNILGHKLEYNYISGNVYITADKQKNGIKANFKIRHNIEDGSVQLADHYQQNTPIGDGPVLLPDNHYLSTQSALSKDPNEKRDHMVLLEFVTAAGITLGMDELYK,0M-0MsubV+63F-63FsubL+65Y-65YsubW+145N-145NsubI+147H-147HsubG+152M-152MsubT+162V-162VsubA+230H-230HsubL,B01,Aquamarine_002,VSKGEELFTGVVPILVELDGDVNGHKFSVSGEGEGDASYGKLTLKFICTTGKLPVPWPTLVTTLSYGVQCFSRYPDHMKQHDFFKSAMPEGYVQERTIFFKDDGNYKTCRAEVKFEGDTLVNRIELKGIDFKEDGNILGHKLEYNYISGNVYITADKQKNGIKANFKIRHNIEDGSVQLADHYQQNTPIGDGPVLLPDNHYLSTQSALSKDPNEKRDHMVLLEFVTAAGITLGMDELYK,37T-37TsubS+65W-65WsubY+108R-108RsubCR,1.6205708,57.448524,89.78497,UCB(0.1),Stokes Shift,Aquamarine,430.0,474.0,0.89,23.14,,50,13.571914268077336,48.0
B,2,B02,avGFP_008,Opt,86.564415,396,4078158,510,22622512,114,752.7113242922252,,avGFP,,,B02,avGFP_008,SKGEELFTGVVPILVELDGDVNGHKFSVSGEGEGDATYGKLTLKFICTTGKLPVPWPTLVTTLSYGVQCFSRYPDHMKQHDFFKSAMPEGYVQERTIFFKDDGNYKTRAEVKFEGDTLVNRIELKGIDFKEDGNILGHKLEYNYNSHNVYIMADKQKNGIKVNFKIRHNIEDGSVQLADHYQQDTPIGDGPVLLPVNHYLSTQSALSKDPNERRDHMVLLEFVTAAGITHGMDELYK,,1.5356191,86.555885,86.564415,LocalFL,Stokes Shift,,,,,,,0,15.221155973848578,114.0
B,4,B04,GFPmut2_002,Opt,42.404495,388,753411,484,3317167,96,2872.4781562050252,A04,GFPmut2_001,SKGEELFTGVVPILVELDGDVNGHKFSVSGEGEGDATYGKLTLKFICTTGKLPVPWPTLVTTFAYGLQCFARYPDHMKQHDFFKSAMPEGYVQERTIFFKDDGNYKTRAEVKFEGDTLVNRIELKGIDFKEDGNILGHKLEYNYNSHNVYIMADKQKNGIKVNFKIRHNIEDGSVQLADHYQQNTPIGDGPVLLPDNHYLSTQSALSKDPNEKRDHMVLLEFVTAAGITHGMDELYK,0M-0Mdel+64S-64SsubA+67V-67VsubL+71S-71SsubA,B04,GFPmut2_002,SKGEELFTGVVPILVELDGDVNGHKFSVSGEGEGDATYGKLTLKFICTTGKLPVPWPTLVTTFAVGLQCFARYPDHMKQHDFFKSAMPEGYVQERTIFFKDDGNYKTRAEVKFEGDTLVNRIELKGIDFKEDGNILGHKLEYNYNSHNVYIMADKQWKNGIKVNFKIRHNIEDGSVQLADHYQQNTPIGDGPVLLPDNHYLSTQSALSKDPNEKRDHMVLLEFVTAAGITHGMDELYK,64Y-64YsubV+156K-156KsubWK,0.09122519,24.09724,42.404495,Control,Stokes Shift,GFPmut2,485.0,508.0,0.73,39.35,,68,13.532366174611326,28.0
B,8,B08,SGFP2_002,Opt,86.61186,394,7309462,512,41133676,118,985.2153326596004,A08,SGFP2_001,VSKGEELFTGVVPILVELDGDVNGHKFSVSGEGEGDATYGKLTLKFICTTGKLPVPWPTLVTTLTYGVQCFARYPDHMKQHDFFKSAMPEGYVQERTIFFKDDGNYKTRAEVKFEGDTLVNRIELKGIDFKEDGNILGHKLEYNYNSHNVYITADKQKNGIKANFKIRHNIEDGGVQLADHYQQNTPIGDGPVLLPDNHYLSTQSKLSKDPNEKRDHMVLLEFVTAAGITLGMDELYK,0M-0MsubV+63F-63FsubL+64S-64SsubT+71S-71SsubA+152M-152MsubT+162V-162VsubA+174S-174SsubG+205A-205AsubK+230H-230HsubL,B08,SGFP2_002,PSKGEELFTGVVPILVELDGDVNGHKFSVSGEGEGDATYGKLTLKFICTTGKLPVPWPTLVTTLSYGVQCFARYPDHMSQHDFFKSAMPEGYVQERTIFFKDDGNYKTRAEVKFEGDTLVNRIELKGIDFKEDGNILGHKLEYNYNSHNVYITADKQKNGIKANFKIRHNIEDGGVQLADHYQQNTPIGDGPVLLPDNHYLSTQSKLSKDPNEKRDHMVLLEFVTAAGITLGMDELYK,0V-0VsubP+64T-64TsubS+78K-78KsubS,1.513793,15.554981,86.61186,UCB(0.1),Stokes Shift,SGFP2,495.0,512.0,0.7,32.2,,104,15.804680231206293,14.0
B,9,B09,SYFP2_002,Opt,85.515,508,4968354,526,6911882,18,4558.275225,A09,SYFP2_001,VSKGEELFTGVVPILVELDGDVNGHKFSVSGEGEGDATYGKLTLKLICTTGKLPVPWPTLVTTLGYGVQCFARYPDHMKQHDFFKSAMPEGYVQERTIFFKDDGNYKTRAEVKFEGDTLVNRIELKGIDFKEDGNILGHKLEYNYNSHNVYITADKQKNGIKANFKIRHNIEDGGVQLADHYQQNTPIGDGPVLLPDNHYLSYQSKLSKDPNEKRDHMVLLEFVTAAGITLGMDELYK,0M-0MsubV+45F-45FsubL+63F-63FsubL+64S-64SsubG+71S-71SsubA+152M-152MsubT+162V-162VsubA+174S-174SsubG+202T-202TsubY+205A-205AsubK+230H-230HsubL,B09,SYFP2_002,VSKGEELFTGVVPILVELDGDVNGHKFSVSGEGEGDATYGKLTLKLICTTGKLPVPWPTLVTTLSYGVQCFARYPDHSKQHDFFKSAMPEGYVQERTIFFKDDGNYKTRAEVKFEGDTLVNRIELKGIDFKEDGNILGHKLEYNYNSHNVYITADKQKNGIKANFKIRHNIEDGGVQLADHYQQNTPIGDGPVLLPDNHYLSYISKLSKDPNEKRDHMVLLEFVTAAGITLGMDELYK,64G-64GsubS+77M-77MsubS+203Q-203QsubI,1.4820668,14.846407,85.515,UCB(0.1),Stokes Shift,SYFP2,515.0,527.0,0.68,68.68,mVenus NB,2,15.418599156095508,16.0
B,10,B10,Topaz_003,Opt,15.582071,392,696851,482,3111142,90,5538.028156649041,,Topaz_001,,,B10,Topaz_003,SKGEELFTGVVPILVELDGDVNGHKFSVSGEGEGDATYGKLTLKFICTTGKLPVPWPTLVTTFGYGVQCFARYPDHMRRHDFFKSAMPEGYVQERTIFFKDDGNYKTRAEVKFEGDTLVNRIELKDIDFKEDGNILGHKLEYNYNSHNVYIMADKQKNGIKVNFKIRHNIEDGSVQLADHYQQNTPIGDGPVLLPDNHYLSYQSLSKDPNEKRDHMVLLEFVTAAGITLGMDELYK,125G-125GsubD+204A-204Adel,-0.7954382,15.906347,15.582071,Control,Stokes Shift,Topaz,514.0,527.0,0.6,56.7,,72,13.454326893575685,18.0
C,2,C02,avGFP_009,Opt,86.62216,398,10879265,510,62410108,112,644.0347630656003,,avGFP,,,C02,avGFP_009,SKGEELFTGVVPILVELDGDVNGHKFSVSGEGEGDATYGKLTLKFICTTGKLPVPWPTLVTTLSYGVQCFSRYPDHMKQHDFFKSAMPEGYVQERTIFFKDDGNYKTRAEVKFEGDTLVNRIELRGIDFKEDGNILGHKLEYNYNSHNVYIMADKQKNGIKVNFKIRHNIEGGSVQLADHYQQNSPIGDGPVLLPDNHYLSTQSALSKDPNEKRDHMVLLEFVTAAGITHGMDELYK,,1.5371473,86.61404,86.62216,LocalFL,Stokes Shift,,,,,,,-2,16.20236924196306,114.0
C,3,C03,Clover_002,Opt,82.55067,394,1927990,516,7192936,122,1556.2496374489003,B03,Clover_001,VSKGEELFTGVVPILVELDGDVNGHKFSVRGEGEGDATNGKLTLKFICTTGKLPVPWPTLVTTFGYGVACFSRYPDHMKQHDFFKSAMPEGYVQERTISFKDDGTYKTRAEVKFEGDTLVNRIELKGIDFKEDGNILGHKLEYNFNSHNVYITADKQKNGIKANFKIRHNVEDGSVQLADHYQQNTPIGDGPVLLPDNHYLSHQSALSKDPNEKRDHMVLLEFVTAAGITHGMDELYK,0M-0MsubV+29S-29SsubR+38Y-38YsubN+64S-64SsubG+68Q-68QsubA+98F-98FsubS+104N-104NsubT+144Y-144YsubF+152M-152MsubT+162V-162VsubA+170I-170IsubV+202T-202TsubH,C03,Clover_002,VSKGEELFTGVVPILVELDGDVNGHKFSVRGEGEGDATNGKLTLKFICTTGKLPVPWPTLVTTFSYGVACFSRYPDHMKQVDFFKSAMPEGYVQERTISFKDDGTYKTRAEVKFEGDTLVNRIELKGIDFKEDGNILGHKLEYNFNSHNVYITADKQKNGIKANFKIRHNVEDGSVQLADHYQQNTPIGDGPVLLPDNHYLSHQSALSKDPNEKRDHMVLLEFVTAASITHGMDELYK,64G-64GsubS+80H-80HsubV+227G-227GsubS,1.3923261,17.219091,82.55067,UCB(0.1),Stokes Shift,Clover,505.0,515.0,0.76,84.36,,106,14.471988567417185,16.0
C,5,C05,mEGFP_002,Opt,88.19823,396,931511,486,3480663,90,3.2463751329000172,B05,mEGFP_001,VSKGEELFTGVVPILVELDGDVNGHKFSVSGEGEGDATYGKLTLKFICTTGKLPVPWPTLVTTLTYGVQCFSRYPDHMKQHDFFKSAMPEGYVQERTIFFKDDGNYKTRAEVKFEGDTLVNRIELKGIDFKEDGNILGHKLEYNYNSHNVYIMADKQKNGIKVNFKIRHNIEDGSVQLADHYQQNTPIGDGPVLLPDNHYLSTQSKLSKDPNEKRDHMVLLEFVTAAGITLGMDELYK,0M-0MsubV+63F-63FsubL+64S-64SsubT+205A-205AsubK+230H-230HsubL,C05,mEGFP_002,VSKGEELFTGVVPILVELDGDVNGHKFSVSGEGEGDATYGKLTLKFICTTGKLPVPWPTLVTTLSYGVQCFSARYPDHMKQHDFFKSAMPEGYVQERTIFFKDDGNYKTRAEVKFEGDTLVNRIELKGIDFKEDGNILGHKLEYNYNSHNVYIMADKQKNGIKVNFKIRHNIEDGSVQLADHYQQNTPIGDGPVLLPDNHYLSTQSKLSKDPNEKRDHMVLLEFWVTAAGITLGMDELYK,64T-64TsubS+72R-72RsubAR+223V-223VsubWV,1.5664146,16.918987,88.19823,UCB(0.1),Stokes Shift,mEGFP,488.0,507.0,0.6,33.6,,74,13.744563277864415,16.0
C,6,C06,moxGFP_002,Opt,89.341385,390,4722802,508,26030776,118,821.3162137182248,B06,moxGFP_001,VSKGEELFTGVVPILVELDGDVNGHKFSVRGEGEGDATNGKLTLKFISTTGKLPVPWPTLVTTLTYGVQSFSRYPDHMKRHDFFKSAMPEGYVQERTISFKDDGTYKTRAEVKFEGDTLVNRIELKGIDFKEDGNILGHKLEYNFNSHNVYITADKQKNGIKANFKIRHNVEDGSVQLADHYQQNTPIGDGPVLLPDNHYLSTQSKLSKDPNEKRDHMVLLEFVTAAGITHGMDELYK,0M-0MsubV+29S-29SsubR+38Y-38YsubN+47C-47CsubS+63F-63FsubL+64S-64SsubT+69C-69CsubS+79Q-79QsubR+98F-98FsubS+104N-104NsubT+144Y-144YsubF+152M-152MsubT+162V-162VsubA+170I-170IsubV+205A-205AsubK,C06,moxGFP_002,VSKGEELFTGVVPILVELDGDVNHKFSVRGEGEGDASNGKLTLKFISTTGKLPVPWPTLVTTLSYGVQSFSRYPDHMKRHDFFKSAMPEGYVQERTISFKDDGTYKTRAEVKFEGDTLVNRIELKGIDFKEDGNILGHKLEYNFNSHNVYITADKQKNGIKANFKIRHNVEDGSVQLADHYQQNTPIGDGPVLLPDNHYLSTQSKLSKDPNEKRDHMVLLEFVTAAGITHGMDELYK,23G-23Gdel+37T-37TsubS+64T-64TsubS,1.6112045,22.575031,89.341385,UCB(0.1),Stokes Shift,moxGFP,486.0,510.0,0.58,50.46,,92,15.367912825492601,26.0
C,7,C07,muGFP_002,Opt,87.02584,394,813235,490,3627674,96,80.53554770559995,B07,muGFP_001,SKGEELFTGVVPILVELDGDVNGHKFSVRGEGEGDATNGKLTLKFICTTGKLPVPWPTLVTTLTYGVLCFSRYPDHMKRHDFFKSAMPEGYVQERTISFKDDGTYKTRAEVKFEGDTLVNRIELKGIDFKEDGNILGHKLEYNFNSHNVYITADKQKNGIKAYFKIRHNVEDGSVQLADHYQQNTPIGDGPVLLPDNHYLSTQSVLSKDPNEKRDHMVLLEDVTAAGITHGMDELYK,0M-0Mdel+29S-29SsubR+38Y-38YsubN+63F-63FsubL+64S-64SsubT+68Q-68QsubL+79Q-79QsubR+98F-98FsubS+104N-104NsubT+144Y-144YsubF+152M-152MsubT+162V-162VsubA+163N-163NsubY+170I-170IsubV+205A-205AsubV+222F-222FsubD,C07,muGFP_002,SKGEELFTGVVPILVELDGDVNGHKFSVRGEGEGDATNGKLTLKFICTTGKLPVPWPTLVTTLSYGVLCFSRYPDHMKRHDFFKSAMPEGYVQERTISFKDDGYKTRAEVKFEGDTLVNRIILKGIDFKEDGNILGHKLEYNFNSHNVYITADKQKNGIKAYFKIRHNVEDGSVQLADHYQQNTPIGDGPVLLPDNHYLSTQSVLSKDPNEKRDHMVLLEDVTAAGITHGMDELYK,63T-63TsubS+103T-103Tdel+122E-122EsubI,1.5287409,18.891008,87.02584,UCB(0.1),Stokes Shift,muGFP,490.0,508.0,0.45,52.65,monomeric ultra-stable GFP,74,13.608775399652739,22.0
C,11,C11,WasCFP_002,Opt,33.704117,392,720847,486,3072380,94,3635.5935067496894,B11,WasCFP_001,VSKGEELFTGVVPILVELDGDVNGHKFSVSGEGEGDATYGKLTLKFICTTGKLPVPWPTLKTTLTWGVQCFARYPDHMKQHDFFKSAMPEGYVQERTIFFKDDGNYKTRAEVKFEGDTLVNRIELKGIDFKEDGNILGHKLEYNAISGNVNITADKQKNGIKANFKIRHNIEDGSVQLADHYQQNTPIGDGPVLLPDNHYLSTQSKQSKDPNEKRDHMVLLEFVTAAGITLGMDELYK,0M-0MsubV+60V-60VsubK+63F-63FsubL+64S-64SsubT+65Y-65YsubW+71S-71SsubA+144Y-144YsubA+145N-145NsubI+147H-147HsubG+150Y-150YsubN+152M-152MsubT+162V-162VsubA+205A-205AsubK+206L-206LsubQ+230H-230HsubL,C11,WasCFP_002,VSKGEELFTGVVILVELDGDVNGHKFSVSGEGEGDATYGKLTLKFICTTGKLPVPWPTLKTTLTWGVQCFARYPDHGKQHDFFKSAMPEGYVQERTIFFKDDGNKYKTRAEVKFEGDTLVNRIELKGIDFKEDGNILGHKLEYNAISGNVNITADKQKNGIKANFKIRHNIEDGSVQLADHYQQNTPIGDGPVLLPDNHYLSTQSKQSKDPNEKRDHMVLLEFVTAAGITLGMDELYK,12P-12Pdel+77M-77MsubG+105Y-105YsubKY,-0.1990154,33.63477,33.704117,Control,Stokes Shift,WasCFP,494.0,505.0,0.85,43.35,W in anionic state CFP,10,13.488182188477904,84.0
D,1,D01,avGFP_002,Opt,86.435585,394,7524470,510,43174804,116,874.0546342922248,C01,avGFP,MSKGEELFTGVVPILVELDGDVNGHKFSVSGEGEGDATYGKLTLKFICTTGKLPVPWPTLVTTFSYGVQCFSRYPDHMKQHDFFKSAMPEGYVQERTIFFKDDGNYKTRAEVKFEGDTLVNRIELKGIDFKEDGNILGHKLEYNYNSHNVYIMADKQKNGIKVNFKIRHNIEDGSVQLADHYQQNTPIGDGPVLLPDNHYLSTQSALSKDPNEKRDHMVLLEFVTAAGITHGMDELYK,,D01,avGFP_002,SEGEELFTGVVPILVELDGDVNGHKFSVSGEGEGDATYGKLALKFICTTGKLPVPWPTLVTTLSYGVQCFSRYPDHMKQHDFFKSAMPEGYVQERTIFFKDDGNYKTRAEVKFEGDTLVNRIELKGIDFKEDGNILGHKLEYNYNSHNVYIMADKQKNGIKVYFKIRHNIEDGSVQLADHYQQNTPIGDGPVLLPDNHYLSTQSALSKDPNEKRDHMVLLEFVTAAGITHGMDELYK,,1.5305736,86.42746,86.435585,LocalFL,Stokes Shift,,,,,,,2,15.833670934225083,114.0
D,2,D02,avGFP_010,Opt,85.43516,394,10019472,510,58329568,116,934.2094442256002,,avGFP,,,D02,avGFP_010,SKGEELFTGVVPILVELDGDVNGHKFSVSGEGEGDATYGKLTLKFICTTGKLPVPWPTLVTTLSYGVQCFSRYPDHMKQHDFFKSAMPEGYVQERTIFFKDDGNYKTRAEVKFEGNTLVNRIELKGIDFKEDGNILGHKLEYNYNSHNVYIMADKQKSGIKVNFKIRHNIEDGSVQLADHYQQNTPLGDGPVLLPDNHYLSTQSTLSKDPNEKRDHMVLLELVTAAGITHGMDELYK,,1.4982153,85.4188,85.43516,LocalFL,Stokes Shift,,,,,,,2,16.120040957621804,114.0
D,3,D03,Clover_003,Opt,32.594032,390,752901,484,3251466,94,3770.692906017024,,Clover_001,,,D03,Clover_003,VSKGEELFTGVVPILVELDGDVNGHKFSVRGEGEGDATNGKLTLKFICTTGKLPVPWPTLVTTFPYGVACFSRYPDHMKQHDFFKSAMPEGYVQERTISFKDDGTYKTRAEVKFEGDTLVNRIELKGIDFKEDGNILGHKLEYNFNSHNVYITADKQKNGIKANFKIRHNVEDGSVQLADHYQQNTPIGDGPVLLPDNHYLSHQSALSKDPNEKRDHMVLLEFVTAAGITHGMDELYK,64G-64GsubP,-0.21280774,17.219091,32.594032,Control,Stokes Shift,Clover,505.0,515.0,0.76,84.36,,78,13.531689024034968,16.0
D,4,D04,mCerulean3_002,Opt,87.38562,396,4025610,514,18808614,118,937.2402627843999,C04,mCerulean3_001,VSKGEELFTGVVPILVELDGDVNGHKFSVSGEGEGDATYGKLTLKFICTTGKLPVPWPTLVTTLSWGVQCFARYPDHMKQHDFFKSAMPEGYVQERTIFFKDDGNYKTRAEVKFEGDTLVNRIELKGIDFKEDGNILGHKLEYNAIHGNVYITADKQKNGIKANFGLNCNIEDGSVQLADHYQQNTPIGDGPVLLPDNHYLSTQSKLSKDPNEKRDHMVLLEFVTAAGITLGMDELYK,0M-0MsubV+63F-63FsubL+65Y-65YsubW+71S-71SsubA+144Y-144YsubA+145N-145NsubI+146S-146SsubH+147H-147HsubG+152M-152MsubT+162V-162VsubA+165K-165KsubG+166I-166IsubL+167R-167RsubN+168H-168HsubC+205A-205AsubK+230H-230HsubL,D04,mCerulean3_002,VSKGEELSTGVVPILVELDGDVNGHKFSVSGEGEGDATYGKLTLKFICTTGKLPVPWPTLVTTLSYGVQCFARYPDHMKQHDFFKSAMPEGYVQERTIFFKDDGNYKTRAEVKFEGDTLVNRIELKGIDFKEDGNILGHKLEYNAIHGNVYITADKQKNGIKANFGLNCNIEDGSVQLADHYQQNTPIGDGPVLLPDNHYLSIQSKLSKDPNEKRDHMVLLEFVTAAGITLGMDELYK,7F-7FsubS+65W-65WsubY+202T-202TsubI,1.5421183,55.85608,87.38562,UCB(0.1),Stokes Shift,mCerulean3,433.0,475.0,0.87,34.8,,68,15.208187010146867,50.0
D,7,D07,muGFP_003,Opt,18.637777,484,14237283,506,7114564,22,11.304543501729,,muGFP_001,,,D07,muGFP_003,SKGEELFTGVVPILVELDGDVNGHKFSVRGEGEGDATNGKLTLKFICTTGKLPVPWPTLVTTLTYGVLCFSRYPDHMKRHDFFKSAMPEGYVQERTISFKDDGTYKTRAEVKFEGDTLVNRIELKGIDFKEDGNILGHKLEYNFNSHNVYITADKQKNGIKAYFKIRHNVEDGSVQLADHYQQNTPIGDGPVLLPDNHYLSTQSVLSKDPNEKRDHMVLLEDVEAAGITHGMDELYK,223T-223TsubE,-0.69280964,18.891008,18.637777,Control,Stokes Shift,muGFP,490.0,508.0,0.45,52.65,monomeric ultra-stable GFP,0,16.471374645181562,22.0
D,8,D08,SGFP2(206A)_002,Opt,86.02258,392,756154,484,3336213,92,35.72954985639994,C08,SGFP2(206A)_001,VSKGEELFTGVVPILVELDGDVNGHKFSVSGEGEGDATYGKLTLKFICTTGKLPVPWPTLVTTLTYGVQCFARYPDHMKQHDFFKSAMPEGYVQERTIFFKDDGNYKTRAEVKFEGDTLVNRIELKGIDFKEDGNILGHKLEYNYNSHNVYITADKQKNGIKANFKIRHNIEDGGVQLADHYQQNTPIGDGPVLLPDNHYLSTQSALSKDPNEKRDHMVLLEFVTAAGITLGMDELYK,0M-0MsubV+63F-63FsubL+64S-64SsubT+71S-71SsubA+152M-152MsubT+162V-162VsubA+174S-174SsubG+230H-230HsubL,D08,SGFP2(206A)_002,VSKGEELFTGVVPILVELDDVNGHKFSVSGEGEGDATYGKLTLKFICTTGKLPVPWPTLVTTLSYGVQCFARYPDHMKQHDFFKSAMPEGYVQERTIFFKDDGNYKTRAEVKFEGDTLVNRIELKGIDFKEDVNILGHKLEYNYNSHNVYITADKQKNGIKANFKIRHNIEDGGVQLADHYQQNTPIGDGPVLLPDNHYLSTQSALSKDPNEKRDHMVLLEFVTAAGITLGMDELYK,19G-19Gdel+64T-64TsubS+133G-133GsubV,1.4949512,16.941002,86.02258,UCB(0.1),Stokes Shift,SGFP2(206A),496.0,512.0,0.69,30.36,,78,13.53600033812059,14.0
D,9,D09,T-Sapphire_002,Opt,109.28223,394,3245946,512,16397036,118,75.99951377290003,C09,T-Sapphire_001,VSKGEELFTGVVPILVELDGDVNGHKFSVSGEGEGDATYGKLTLKFICTTGKLPVPWPTLVTTFSYGVMVFARYPDHMKQHDFFKSAMPEGYVQERTIFFKDDGNYKTRAEVKFEGDTLVNRIELKGIDFKEDGNILGHKLEYNFNSHNVYIMADKQKNGIKANFKIRHNIEDGGVQLADHYQQNTPIGDGPVLLPDNHYLSIQSALSKDPNEKRDHMVLLEFVTAAGITLGMDELYK,0M-0MsubV+68Q-68QsubM+69C-69CsubV+71S-71SsubA+144Y-144YsubF+162V-162VsubA+174S-174SsubG+202T-202TsubI+230H-230HsubL,D09,T-Sapphire_002,VSKGEELFTGVVPILVELDGDVNGHKFSVSGEGEGDATYGKLTLKFICTTGKLPVPWPTLVTTFSYGVMVFARYPDHMKQHDFFKSAMPEGYVQERTIFFKDDGNYKTRAEVKFEGDTLVNRIELKGIDFKEDGNILGHKLEYNFNSHNVYIMADKQKNGIKANFKIRHNIEDGGVQLADHYQQNTPIGDGPVLLPDNHYLSIQSALSKDPNSKRDHMVLLEFVSTASAGITLGMDELYK,212E-212EsubS+224T-224TsubST+226A-226AsubSA,2.286642,98.33661,109.28223,UCB(0.1),Stokes Shift,T-Sapphire,399.0,511.0,0.6,26.4,,0,14.992917391058777,118.0
D,10,D10,Turquoise-GL_002,Opt,90.50105,398,1001412,498,3657821,100,90.23005110249987,C10,Turquoise-GL_001,VSKGEELFTGVVPILVELDGDVNGHKFSVSGEGEGDATYGKLTLKFICTTGKLPVPWPTLVTTLSWGVQCFARYPDHMKQHDFFKSAMPEGYVQERTIFFKDDGNYKTRAEVKFEGDTLVNRIELKGIDFKEDGNILGHKLEYNYISGNVYITADKQKNGIKANFKIRHNIEDGGVQLADHYQQNTPIGDGPVLLPDNHYLSTQSALSKDPNEKRDHMVLLEFLTAAGITLGMDELYK,0M-0MsubV+63F-63FsubL+65Y-65YsubW+71S-71SsubA+145N-145NsubI+147H-147HsubG+152M-152MsubT+162V-162VsubA+174S-174SsubG+223V-223VsubL+230H-230HsubL,D10,Turquoise-GL_002,VSKGEELFTGVVPILVELDGDVNGHKFSVSGEGEGDATYGKLTLKFICTTGKLPVPWPTLVTTLSYGVQCFARYPDHMKQHDFFKSAMPEGYVQERTIFFKDDGNYKTRAEVKFEGDTLVNRIELKGIDFKEDGNILGHKLEYNYISGNVYITADKQKNGIKANFKIRHNIPDGGVQLADHYQQNTPIGDGPVLLPDNHYLSTIQSALSKDPNEKRDHMVLLEFLTAAGITLGMDELYK,65W-65WsubY+171E-171EsubP+203Q-203QsubIQ,1.646239,56.55759,90.50105,UCB(0.1),Stokes Shift,Turquoise-GL,434.0,474.0,0.82,24.6,,42,13.81692156202967,58.0
E,1,E01,avGFP_003,Opt,86.35648,394,5077538,510,28287800,116,878.7382779903998,,avGFP,,,E01,avGFP_003,SKGEELFTGVVPILVELDGDVNGHEFSVSGEGEGDATYGKLTLKFICTTGKLPVPWPTLVTTLSYGVQCFSRYPDHMKQHDFFKSAMPEGYVQERTIFFKDDGNYKTRAEVKFEGDTLVNRIELKGIDFKEDGNILGHKLEYNYNSHNVYIMADKQKNGIKVNFKIRHNIEDGSVQLADHYQQSTPIGDGPVLLPGNHYLSTQSALSKDPNEKRDHMVLLEFVTAAGITHGMDELYK,,1.5291293,86.34836,86.35648,LocalFL,Stokes Shift,,,,,,,2,15.440337056406703,114.0
E,2,E02,avGFP_011,Opt,86.40479,394,10415099,512,59590036,118,998.2572949440996,,avGFP,,,E02,avGFP_011,SKGEELFTGVVPILVELDGDVNGHKFSVSGEGEGDATYGKLTLKFICTTGKLPVPWPTLVTTLSYGVQCFSRYPDHMKQHDFFKSAMPEGYVQERTIFFKDDGNYRTRAEVGFEGDTLVNRIELKGIDFKEDGNILGHKLEYNYNSHNVYIMADKQKNGIKVNFKIHHNIEDGSVQLADHYQQNTPIGDGPVLLPDNHYLSTQSALSKDPNEKRDHMVLLEFVTAAGITHGMDEQYK,,1.5270457,86.39202,86.40479,LocalFL,Stokes Shift,,,,,,,4,16.158767138152914,114.0
E,5,E05,mEmerald_002,Opt,86.93441,394,848407,490,3576981,96,82.1849220481,D05,mEmerald_001,VSKGEELFTGVVPILVELDGDVNGHKFSVSGEGEGDATYGKLTLKFICTTGKLPVPWPTLVTTLTYGVQCFARYPDHMKQHDFFKSAMPEGYVQERTIFFKDDGNYKTRAEVKFEGDTLVNRIELKGIDFKEDGNILGHKLEYNYNSHKVYITADKQKNGIKVNFKTRHNIEDGSVQLADHYQQNTPIGDGPVLLPDNHYLSTQSKLSKDPNEKRDHMVLLEFVTAAGITLGMDELYK,0M-0MsubV+63F-63FsubL+64S-64SsubT+71S-71SsubA+148N-148NsubK+152M-152MsubT+166I-166IsubT+205A-205AsubK+230H-230HsubL,E05,mEmerald_002,VSKGEELFTGVVPILVELDGDVNGHKFSVSGEGEGDATYGKLTLKFICTTKLPVPWPTLVTTLSYGVQCFARYPDHMKQHDFFASAMPEGYVQERTIFFKDDGNYKTRAEVKFEGDTLVNRIELKGIDFKEDGNILGHKLEYNYNSHKVYITADKQKNGIKVNFKTRHNIEDGSVQLADHYQQNTPIGDGPVLLPDNHYLSTQSKLSKDPNEKRDHMVLLEFVTAAGITLGMDELYK,50G-50Gdel+64T-64TsubS+84K-84KsubA,1.5254875,15.826057,86.93441,UCB(0.1),Stokes Shift,mEmerald,487.0,509.0,0.68,39.1,,72,13.65111575246371,24.0
E,6,E06,mT-Sapphire_002,Opt,104.76871,392,923438,488,3466517,96,76.89027506409998,D06,mT-Sapphire_001,VSKGEELFTGVVPILVELDGDVNGHKFSVSGEGEGDATYGKLTLKFICTTGKLPVPWPTLVTTFSYGVMVFARYPDHMKQHDFFKSAMPEGYVQERTIFFKDDGNYKTRAEVKFEGDTLVNRIELKGIDFKEDGNILGHKLEYNFNSHNVYIMADKQKNGIKANFKIRHNIEDGGVQLADHYQQNTPIGDGPVLLPDNHYLSIQSKLSKDPNEKRDHMVLLEFVTAAGITLGMDELYK,0M-0MsubV+68Q-68QsubM+69C-69CsubV+71S-71SsubA+144Y-144YsubF+162V-162VsubA+174S-174SsubG+202T-202TsubI+205A-205AsubK+230H-230HsubL,E06,mT-Sapphire_002,VSKGEELFTGVVPILVELDGDVNGHKFSVSGEGEGDATYGKLTLKFICTTGKLPVPWPTLVTTFSYGVMVFARYPDHMKQHDFFKSAMPEGYVQERTIFFKDDGNYKTRAEVKFSYGDTLVNRIEALKGIDFKEDGNILGHKLEYNFNSHNVYIMADKQKNGIKANFKIRHNIEDGGVQLADHYQQNTPIGDGPVLLPDNHYLSIQSKLSKDPNEKRDHMVLLEFVTAAGITLGMDELYK,114E-114EsubSE+114E-114EsubY+124L-124LsubAL,2.1384592,94.707405,104.76871,UCB(0.1),Stokes Shift,mT-Sapphire,399.0,511.0,0.6,26.4,,-20,13.735858940471669,116.0
E,9,E09,T-Sapphire_003,Opt,94.56675,394,3579227,512,18477626,118,549.1172055625001,,T-Sapphire_001,,,E09,T-Sapphire_003,VSKGEELFTGVVPILVELDGDVNGHKFSVSGEGEGDATYGKLTLKFICTTGKLPVPWPTLVTTFSYGVMPFARYPDHMKQHDFFKSAMPEGYVQERTIFFKDDGNYKTRAEVKFEGDTLVNRIELKGIDFKEDGNILGHKLEYNFNSHNVYIMADKQKNGIKANFKIRHNIEDGGVQLADHYQQNTPIGDGPVLLPDNHYLSIQSALSKDPNEKRDHMVLLEFVTAAGITLGMDELYK,69V-69VsubP,1.7836348,98.33661,94.56675,Control,Stokes Shift,T-Sapphire,399.0,511.0,0.6,26.4,,0,15.090657413274709,118.0
E,11,E11,YPet_002,Opt,89.841965,500,4691066,518,4755167,18,5161.267935061225,D11,YPet_001,VSKGEELFTGVVPILVELDGDVNGHKFSVSGEGEGDATYGKLTLKLLCTTGKLPVPWPTLVTTLGYGVQCFARYPDHMKQHDFFKSAMPEGYVQERTIFFKDDGNYKTRAEVKFEGDTLVNRIELKGIDFKEDGNILGHKLEYNYNSHNVYITADKQKNGIKANFKIRHNIEDGGVQLADHYQQNTPIGDGPVLLPDNHYLSYQSALFKDPNEKRDHMVLLEFLTAAGITEGMNELYK,0M-0MsubV+45F-45FsubL+46I-46IsubL+63F-63FsubL+64S-64SsubG+71S-71SsubA+152M-152MsubT+162V-162VsubA+174S-174SsubG+202T-202TsubY+207S-207SsubF+223V-223VsubL+230H-230HsubE+233D-233DsubN,E11,YPet_002,VSKGEELFTGVVPILVELDGDVNGHKFSVSGEGEGDATYGKLTLKLLCTTGKLPVPWPTLVTTLSYGVICFARYPDHMKQHDFFKSAMPEGYVQERTIFFKDDGNYKTRAEVKFEGDTLVNRIELKGIDFKEDGNILGHKLEYNYNSHNVYITADKQKNGIKANFKIRHNIEDGGVQLADAYQQNTPIGDGPVLLPDNHYLSYQSALFKDPNEKRDHMVLLEFLTAAGITEGMNELYK,64G-64GsubS+68Q-68QsubI+180H-180HsubA,1.632483,14.314812,89.841965,UCB(0.1),Stokes Shift,YPet,517.0,530.0,0.77,80.08,,2,15.361170406706398,16.0
F,1,F01,avGFP_004,Opt,86.36346,396,6449616,510,36854164,114,763.7783431715998,,avGFP,,,F01,avGFP_004,SKGEELFTGVVPILVELDGDVNGHKFSVSGEGEGDATCGKLTLKFICTTGKLPVPWPTLVTTLSYGVQCFSRYPDHMKQHDYFKSAMPKGYVQERTIFFKDDGNYKTRAEVKFEGDTLVNRIELKGIDFKEDGNILGHKLEYNYNSHNVYIVADKQKNGIKVNFKIRHNIEDGSVQLADHYQQNTPIGDGPVLLPDNHYLSTQSALSRDPNEKRDHMVLQEFVTAAGITHGMDELYK,,1.5300255,86.35464,86.36346,LocalFL,Stokes Shift,,,,,,,0,15.679531152115963,114.0
F,3,F03,EGFP_002,Opt,87.05505,394,3537955,510,18931616,116,837.8101305025003,E03,EGFP_001,VSKGEELFTGVVPILVELDGDVNGHKFSVSGEGEGDATYGKLTLKFICTTGKLPVPWPTLVTTLTYGVQCFSRYPDHMKQHDFFKSAMPEGYVQERTIFFKDDGNYKTRAEVKFEGDTLVNRIELKGIDFKEDGNILGHKLEYNYNSHNVYIMADKQKNGIKVNFKIRHNIEDGSVQLADHYQQNTPIGDGPVLLPDNHYLSTQSALSKDPNEKRDHMVLLEFVTAAGITLGMDELYK,0M-0MsubV+63F-63FsubL+64S-64SsubT+230H-230HsubL,F03,EGFP_002,VSKGEELFTGVVPILVELDGDVNGHKFSVSGEGEGDATYGKLTLKFICTTGKLPVPWPTLVTTLSYGVQCFSRYPDHMKQHDFFKSAMPEGYVQERTIFFKDDGNYKTRAEVKFEGDTLVNRIELKGIDFKEDGNILGHKLEYNYNSHNVYIMAPKQKNGIKVNFKIRHNIEDGSVQLADHYQQNTPIGDGPVLLPSNHYLSTQSALSKDPNEKRDHMVLLEFVTAAGITLGMDELYK,64T-64TsubS+154D-154DsubP+196D-196DsubS,1.531498,18.305336,87.05505,UCB(0.1),Stokes Shift,EGFP,488.0,507.0,0.6,33.54,"enhanced GFP, GFPmut1",92,15.079059434570668,24.0
F,4,F04,mCitrine_002,Opt,83.039734,388,784093,484,3465533,96,167.96849479075613,E04,mCitrine_001,VSKGEELFTGVVPILVELDGDVNGHKFSVSGEGEGDATYGKLTLKFICTTGKLPVPWPTLVTTFGYGLMCFARYPDHMKQHDFFKSAMPEGYVQERTIFFKDDGNYKTRAEVKFEGDTLVNRIELKGIDFKEDGNILGHKLEYNYNSHNVYIMADKQKNGIKVNFKIRHNIEDGSVQLADHYQQNTPIGDGPVLLPDNHYLSYQSKLSKDPNEKRDHMVLLEFVTAAGITLGMDELYK,0M-0MsubV+64S-64SsubG+67V-67VsubL+68Q-68QsubM+71S-71SsubA+202T-202TsubY+205A-205AsubK+230H-230HsubL,F04,mCitrine_002,VSKGEELFTGVVPILVELDGDVNGHKFSVSGEGEGDATYGKLTLKFICTTGKLPVPWPDLVTTFSYGIMCFARYPDHMKQHDFFKSAMPEGYVQERTIFFKDDGNYKTRAEVKFEGDTLVNRIELKGIDFKEDGNILGHKLEYNYNSHNVYIMADKQKNGIKVNFKIRHNIEDGSVQLADHYQQNTPIGDGPVLLPDNHYLSYQSKLSKDPNEKRDHMVLLEFVTAAGITLGMDELYK,58T-58TsubD+64G-64GsubS+67L-67LsubI,1.3933984,12.46796,83.039734,UCB(0.1),Stokes Shift,mCitrine,516.0,529.0,0.74,69.56,,80,13.572282914746438,16.0
F,7,F07,mVenus-Q69M_002,Opt,89.94216,506,9938828,524,15709179,18,5175.674385465601,E07,mVenus-Q69M_001,VSKGEELFTGVVPILVELDGDVNGHKFSVSGEGEGDATYGKLTLKLICTTGKLPVPWPTLVTTLGYGLMCFARYPDHMKQHDFFKSAMPEGYVQERTIFFKDDGNYKTRAEVKFEGDTLVNRIELKGIDFKEDGNILGHKLEYNYNSHNVYITADKQKNGIKANFKIRHNIEDGGVQLADHYQQNTPIGDGPVLLPDNHYLSYQSKLSKDPNEKRDHMVLLEFVTAAGITLGMDELYK,0M-0MsubV+45F-45FsubL+63F-63FsubL+64S-64SsubG+67V-67VsubL+68Q-68QsubM+71S-71SsubA+152M-152MsubT+162V-162VsubA+174S-174SsubG+202T-202TsubY+205A-205AsubK+230H-230HsubL,F07,mVenus-Q69M_002,VSKGEELFTGVVPILVELDGDVNGHKFSVSGEGEGDATYGKLTLKLICTTGKLPVPWPTLVTTLSYGVMCFARYPDHMKQHDFFKSAMPEGYVQERTIFFHDDGNYKTRAEVKFEGDTLVNRIELKGIDFKEDGNILGHKLEYNYNSHNVYITADKQKNGIKANFKIRHNIEDGGVQLADHYQQNTPIGDGPVLLPDNHYLSYQSKLSKDPNEKRDHMVLLEFVTAAGITLGMDELYK,64G-64GsubS+67L-67LsubV+100K-100KsubH,1.6368964,13.033676,89.94216,UCB(0.1),Stokes Shift,mVenus-Q69M,515.0,528.0,,96.97,mVenus ME,2,16.11195966423646,16.0
F,8,F08,SGFP2(E222Q)_002,Opt,85.89522,488,4388130,498,4129551,10,5760.084418848399,E08,SGFP2(E222Q)_001,VSKGEELFTGVVPILVELDGDVNGHKFSVSGEGEGDATYGKLTLKFICTTGKLPVPWPTLVTTLTYGVQCFARYPDHMKQHDFFKSAMPEGYVQERTIFFKDDGNYKTRAEVKFEGDTLVNRIELKGIDFKEDGNILGHKLEYNYNSHNVYITADKQKNGIKANFKIRHNIEDGGVQLADHYQQNTPIGDGPVLLPDNHYLSTQSKLSKDPNEKRDHMVLLQFVTAAGITLGMDELYK,0M-0MsubV+63F-63FsubL+64S-64SsubT+71S-71SsubA+152M-152MsubT+162V-162VsubA+174S-174SsubG+205A-205AsubK+221E-221EsubQ+230H-230HsubL,F08,SGFP2(E222Q)_002,VSKGEWLFTGVVPILVELDGDSNGHKFSVSGEGEGDATYGKLTLKFICTTGKLPVPWPTLVTTLSYGVQCFARYPDHMKQHDFFKSAMPEGYVQERTIFFKDDGNYKTRAEVKFEGDTLVNRIELKGIDFKEDGNILGHKLEYNYNSHNVYITADKQKNGIKANFKIRHNIEDGGVQLADHYQQNTPIGDGPVLLPDNHYLSTQSKLSKDPNEKRDHMVLLQFVTAAGITLGMDELYK,5E-5EsubW+21V-21VsubS+64T-64TsubS,1.4938236,15.496323,85.89522,UCB(0.1),Stokes Shift,SGFP2(E222Q),496.0,512.0,0.52,34.84,,-6,15.294413726191827,16.0
F,10,F10,usGFP_002,Opt,87.616264,474,13189457,506,20759942,32,3093.1688213176963,E10,usGFP_001,SKGEELFTGVVPILVELDGDVNGHKFSVRGEGEGDATNGKLTLKFICTTGKLPVPWPTLVTTLTYGVLCFSRYPDHMKRHDFFKSAMPEGYVQERTISFKDDGTYKTRAEVKFEGDTLVNRIELKGIDFKEDGNILGHKLEYNFNSHNVYITADKQKNGIKAYFKIRHNVEDGSVQLADHYQQNTPIGDGPVLLPDNHYLSTQSVLSKDPNEKRDHMVLLEFVTAAGITHGMDELYK,0M-0Mdel+29S-29SsubR+38Y-38YsubN+63F-63FsubL+64S-64SsubT+68Q-68QsubL+79Q-79QsubR+98F-98FsubS+104N-104NsubT+144Y-144YsubF+152M-152MsubT+162V-162VsubA+163N-163NsubY+170I-170IsubV+205A-205AsubV,F10,usGFP_002,SKGEELFTGVVPILVELDGDVNGHKFSVRGEGEGDATNGKLTLKFICTTGKLPVPWPTLVTTLSYGVLCFSRYPDHMKRHDFFKSAMPEGYVQERTISFKDDGTYKTRAEVKFEGDTLVNRIELKGIDFKEDGNILGHKLEYNFNSHNVYITADKQKNGIKAYFKIRHQVEDGSVQLADHYQQNTPIGDGPVLLPDNHYLSTQSVLSKDPNEKRDHMVLLEFVTAAGITHSMDELYK,63T-63TsubS+168N-168NsubQ+230G-230GsubS,1.5542985,19.02889,87.616264,UCB(0.1),Stokes Shift,usGFP,490.0,508.0,0.45,46.35,ultra-stable GFP,8,16.394928356294916,24.0
G,1,G01,avGFP_005,Opt,85.891846,394,11592719,510,63861312,116,906.5009372877159,,avGFP,,,G01,avGFP_005,SKGEELFTGVVPILVELDGDVNGHKFSVSGEGEGDATYGKLSLKFICTTGKLPVPWPTLVTTLSYGVQCFSRYPDHMKQHDFFKSAMPEGYVQERTIFFKDDGNYKTRAEVKFEGDTLVNRIELKGIDFKEDGNILGHKLEYNYNSHNAYIVADKQKNGIKVNFKIRHNIEDGSVQLADHYQQNTPIGDGPVLLPDYHYLSTQSALSKDPNEKRDHMVLLEFVTAAGITHGMDELYK,,1.5147012,85.8837,85.891846,LocalFL,Stokes Shift,,,,,,,2,16.265887786594003,114.0
G,2,G02,cfSGFP2_002,Opt,87.44694,394,809484,486,3431288,92,20.73035536360002,F02,cfSGFP2_001,VSKGEELFTGVVPILVELDGDVNGHKFSVSGEGEGDATYGKLTLKFISTTGKLPVPWPTLVTTLTYGVQMFARYPDHMKQHDFFKSAMPEGYVQERTIFFKDDGNYKTRAEVKFEGDTLVNRIELKGIDFKEDGNILGHKLEYNYNSHNVYITADKQKNGIKANFKIRHNIEDGGVQLADHYQQNTPIGDGPVLLPDNHYLSTQSKLSKDPNEKRDHMVLLEFVTAAGITLGMDELYK,0M-0MsubV+47C-47CsubS+63F-63FsubL+64S-64SsubT+69C-69CsubM+71S-71SsubA+152M-152MsubT+162V-162VsubA+174S-174SsubG+205A-205AsubK+230H-230HsubL,G02,cfSGFP2_002,VSKGEELFTVVPILVELDGDVNGHKFSVSGEGEGDATYGKLTLKFISTTGKLPVPWPTLVTTLSYGVQMFARYPDHMKQHDFFKSAMPEGYVQERTIFFKDDGNYKTRAEVKFEGDTLVNRIELKGIDVKEDGNILGHKLEYNYNSHNVYITADKQKNGIKANFKIRHNIEDGGVQLADHYQQNTPIGDGPVLLPDNHYLSTQSKLSKDPNEKRDHMVLLEFVTAAGITLGMDELYK,9G-9Gdel+64T-64TsubS+129F-129FsubV,1.5439473,21.012922,87.44694,UCB(0.1),Stokes Shift,cfSGFP2,493.0,517.0,0.75,33.75,,72,13.604152286617277,20.0
G,5,G05,mEYFP_002,Opt,11.499025,512,47404156,530,3269724,18,42.262675950625,F05,mEYFP_001,VSKGEELFTGVVPILVELDGDVNGHKFSVSGEGEGDATYGKLTLKFICTTGKLPVPWPTLVTTFGYGLQCFARYPDHMKQHDFFKSAMPEGYVQERTIFFKDDGNYKTRAEVKFEGDTLVNRIELKGIDFKEDGNILGHKLEYNYNSHNVYIMADKQKNGIKVNFKIRHNIEDGSVQLADHYQQNTPIGDGPVLLPDNHYLSYQSKLSKDPNEKRDHMVLLEFVTAAGITLGMDELYK,0M-0MsubV+64S-64SsubG+67V-67VsubL+71S-71SsubA+202T-202TsubY+205A-205AsubK+230H-230HsubL,G05,mEYFP_002,VSKGEELFTGVVPILVELDGDVNGHKFSVSGEGEGDATYGKLHLKFICTTGKLPVPWPTLVTTFGYGLQCFARYPDHMKQHDFFKSAMPEGYVQERTIFFKDDGNYKTRAEVKFEGDTLVNRIELKGIDFKEDGNILGHKLEYNYNSHNVYIMADKQKNGIKVNFKIRHNIEDGSVQLADHYQQNDPIGDGPVLLPDNHYLSYQSKLSKDPNEKRDHMVLLEFVTAAGITLGMDELYK,42T-42TsubH+185T-185TsubD,-0.92314273,11.202702,11.499025,Control,Stokes Shift,mEYFP,515.0,528.0,0.62,48.98,,0,17.674220462146593,18.0
G,6,G06,mTurquoise_002,Opt,87.429726,398,4959236,516,22537498,118,934.5416524350759,F06,mTurquoise_001,VSKGEELFTGVVPILVELDGDVNGHKFSVSGEGEGDATYGKLTLKFICTTGKLPVPWPTLVTTLSWGVQCFARYPDHMKQHDFFKSAMPEGYVQERTIFFKDDGNYKTRAEVKFEGDTLVNRIELKGIDFKEDGNILGHKLEYNYISDNVYITADKQKNGIKANFKIRHNIEDGGVQLADHYQQNTPIGDGPVLLPDNHYLSTQSKLSKDPNEKRDHMVLLEFVTAAGITLGMDELYK,0M-0MsubV+63F-63FsubL+65Y-65YsubW+71S-71SsubA+145N-145NsubI+147H-147HsubD+152M-152MsubT+162V-162VsubA+174S-174SsubG+205A-205AsubK+230H-230HsubL,G06,mTurquoise_002,VSKGEELFTGVVPILVELDGDVNGHKFSVSGEGEGDATYGKLTLKFICTTGKLPVPWPTLVTTLSYGVQCSARYPDHMKQHDFFKSAMPEGYVQERTIFFKDDGNYKTRAEVKFEGDTLVNRIELKGIDFKEDGNILGHKLEYNYISDNVYITGDKQKNGIKANFKIRHNIEDGGVQLADHYQQNTPIGDGPVLLPDNHYLSTQSKLSKDPNEKRDHMVLLEFVTAAGITLGMDELYK,65W-65WsubY+70F-70FsubS+153A-153AsubG,1.5440187,55.432068,87.429726,UCB(0.1),Stokes Shift,mTurquoise,434.0,474.0,0.84,25.2,,68,15.41676225457886,50.0
G,9,G09,TagGFP_002,Opt,92.5114,388,746807,484,3192157,96,12.170329960000037,F09,TagGFP_001,SGGEELFAGVVPILVELDGDVNGHKFSVSGEGEGDATYGKLTLKFICTTGKLPVPWPTLVTTLCYGVQCFSRYPDHMKQHDFFKSAMPEGYVQERTILFKDDGNYKTRAEVKFEGDTLVNRIELKGKDFKEDGNILGHKLEYSYNSHNVYIMADKQKNGIEVNFKTRHNIEDGSVQLADHYQQNTPIGDGPVLLPDNHYLSTQSALSKDPNEARDHMVLLELSTAACITHGMDELYR,0M-0Mdel+2K-2KsubG+8T-8TsubA+63F-63FsubL+64S-64SsubC+98F-98FsubL+127I-127IsubK+143N-143NsubS+161K-161KsubE+166I-166IsubT+213K-213KsubA+222F-222FsubL+223V-223VsubS+227G-227GsubC+237K-237KsubR,G09,TagGFP_002,SGGEELFAGVVPILVELDGDVNGHKFSVSGEGEGDATYDKLTLKFICTTGKLPVPWPTLVTTLSYGVMCFSRYPDHMKQHDFFKSAMPEGYVQERTILFKDDGNYKTRAEVKFEGDTLVNRIELKGKDFKEDGNILGHKLEYSYNSHNVYIMADKQKNGIEVNFKTRHNIEDGSVQLADHYQQNTPIGDGPVLLPDNHYLSTQSALSKDPNEARDHMVLLELSTAACITHGMDELYR,38G-38GsubD+63C-63CsubS+67Q-67QsubM,1.7174486,28.918034,92.5114,UCB(0.1),Stokes Shift,TagGFP,482.0,505.0,0.6,33.0,,68,13.523562063931967,28.0
G,10,G10,usGFP_003,Opt,22.022518,394,726867,482,3160180,88,4353.028131060323,,usGFP_001,,,G10,usGFP_003,SKGEELFTGVVPILVELDGDVNGHKFSVRGEGEGDATNGKLTLKFICTTGKLPVPWPTLVTTLTYYVLCFSRYPDHMKRHDFFKSAMPEGYVQERTISLKDDGTYKMRAEVKFEGDTLVNRIELKGIDFKEDGNILGHKLEYNFNSHNVYITADKQKNGIKAYFKIRHNVEDGSVQLADHYQQNTPIGDGPVLLPDNHYLSTQSVLSKDPNEKRDHMVLLEFVTAAGITHGMDELYK,65G-65GsubY+98F-98FsubL+106T-106TsubM,-0.57758963,19.02889,22.022518,Control,Stokes Shift,usGFP,490.0,508.0,0.45,46.35,ultra-stable GFP,64,13.496498796175583,24.0
H,1,H01,avGFP_006,Opt,85.80141,394,10347783,510,59743968,116,911.9548379880997,,avGFP,,,H01,avGFP_006,SKGEELFTGVVPILVELDGDVNGHKFSVSGEGEGDATYGKLTLKFICTTGKLPVPWPTLVTTLSYGVQCFSRYPDHMKQHDFFKSAMPEGYVQERTIFFKDDGNYKTRAEVKFEGDTLVNHIELKGIDFKEDGNILGHKLEYNYNSHNVYIMADKQKNGIKVNFRIRHNIEDGSVQLADHYQQNTPIGDGPVLLPDNHYLSTQSALSKDPNEKRDHMVLLEFVTAAGITHGMNELYK,,1.5074551,85.79394,85.80141,LocalFL,Stokes Shift,,,,,,,2,16.152282851832386,114.0
H,3,H03,Emerald_002,Opt,85.25794,470,9287131,508,37914552,38,2233.3128930436005,G03,Emerald_001,VSKGEELFTGVVPILVELDGDVNGHKFSVSGEGEGDATYGKLTLKFICTTGKLPVPWPTLVTTLTYGVQCFARYPDHMKQHDFFKSAMPEGYVQERTIFFKDDGNYKTRAEVKFEGDTLVNRIELKGIDFKEDGNILGHKLEYNYNSHKVYITADKQKNGIKVNFKTRHNIEDGSVQLADHYQQNTPIGDGPVLLPDNHYLSTQSALSKDPNEKRDHMVLLEFVTAAGITLGMDELYK,0M-0MsubV+63F-63FsubL+64S-64SsubT+71S-71SsubA+148N-148NsubK+152M-152MsubT+166I-166IsubT+230H-230HsubL,H03,Emerald_002,VSKGEELFTGVVPILVELDGDVNGHKFSVSGEGEGDATYGKLTLKFICTTGKLPVPWPTLVTTLSYGVQCFARYPDHMKQHDFFKSAMPEGYVQERTIFFKDDGNYKTRAEVKFEGDTLVNRIELVGIDFKEDGNILGHKLEYNYNSHKVYITADKQKNGIKVNFKTRHNIEDGSVQLADHYQQNTPIGDGPVLLPDNHYLSTQSALSKDPNEKRDHMVLLEFVYAAGITLGMDELYK,64T-64TsubS+125K-125KsubV+224T-224TsubY,1.469977,17.21228,85.25794,UCB(0.1),Stokes Shift,Emerald,487.0,509.0,0.68,39.1,,12,16.044140236397865,26.0
H,4,H04,mClover3_002,Opt,83.03029,396,2016358,518,7321524,122,1518.6382974841006,G04,mClover3_001,VSKGEELFTGVVPILVELDGDVNGHKFSVRGEGEGDATNGKLTLKFICTTGKLPVPWPTLVTTFGYGVACFSRYPDHMKQHDFFKSAMPEGYVQERTISFKDDGTYKTRAEVKFEGDTLVNRIELKGIDFKEDGNILGHKLEYNFNSHYVYITADKQKNCIKANFKIRHNVEDGSVQLADHYQQNTPIGDGPVLLPDNHYLSHQSKLSKDPNEKRDHMVLLEFVTAAGITHGMDELYK,0M-0MsubV+29S-29SsubR+38Y-38YsubN+64S-64SsubG+68Q-68QsubA+98F-98FsubS+104N-104NsubT+144Y-144YsubF+148N-148NsubY+152M-152MsubT+159G-159GsubC+162V-162VsubA+170I-170IsubV+202T-202TsubH+205A-205AsubK,H04,mClover3_002,VSKGEELFTGVVPILVELDGDVNGHKFSVRGEGEGDATNGKLTLKFICTTGKLPVPWPTLVTTFSYGVACFSRYPDHMKQIHDFFKSAMPEGYVQERTISFKDDGTYKTRAEVKFEGDTLVNRIELKGIDFKEDGNILGHKLEYNFNSHYVYITADKQKNCIKANFKIRHNVEDGSVQLADHYQQNTPIGDGPVLLPDNHYLSHYSKLSKDPNEKRDHMVLLEFVTAAGITHGMDELYK,64G-64GsubS+80H-80HsubIH+203Q-203QsubY,1.4027283,18.112953,83.03029,UCB(0.1),Stokes Shift,mClover3,506.0,518.0,0.78,85.02,,106,14.516803471773127,16.0
H,7,H07,SGFP1_002,Opt,80.57596,388,741948,482,3234909,94,180.20484992160013,G07,SGFP1_001,VSKGEELFTGVVPILVELDGDVNGHKFSVSGEGEGDATYGKLTLKFICTTGKLPVPWPTLVTTLTYGLQCFARYPDHMKQHDFFKSAMPEGYVQERTIFFKDDGNYKTRAEVKFEGDTLVNRIELKGIDFKEDGNILGHKLEYNYNSHNVYITADKQKNGIKANFKIRHNIEDGGVQLADHYQQNTPIGDGPVLLPDNHYLSTQSKLSKDPNEKRDHMVLLEFVTAAGITLGMDELYK,0M-0MsubV+63F-63FsubL+64S-64SsubT+67V-67VsubL+71S-71SsubA+152M-152MsubT+162V-162VsubA+174S-174SsubG+205A-205AsubK+230H-230HsubL,H07,SGFP1_002,VSKGEELFTGVVPILVELDGDVNGHKFSVSGGEGDATYGKLTLKFICTTGKLPVPWPTLVTTLSYGLRCFARYPDHMKQHDFFKSAMPEGYVQERTIFFKDDGNYKTRAEVKFEGDTLVNRIELKGIDFKEDGNILGHKLEYNYNSHNVYITADKQKNGIKANFKIRHNIEDGGVQLADHYQQNTPIGDGPVLLPDNHYLSTQSKLSKDPNEKRDHMVLLEFVTAAGITLGMDELYK,31E-31Edel+64T-64TsubS+68Q-68QsubR,1.3222426,13.071415,80.57596,UCB(0.1),Stokes Shift,SGFP1,495.0,512.0,0.62,26.04,,80,13.517034438831205,14.0
H,8,H08,SGFP2(T65G)_002,Opt,85.56264,392,851068,486,3431801,94,71.18904376959998,G08,SGFP2(T65G)_001,VSKGEELFTGVVPILVELDGDVNGHKFSVSGEGEGDATYGKLTLKFICTTGKLPVPWPTLVTTLGYGVQCFARYPDHMKQHDFFKSAMPEGYVQERTIFFKDDGNYKTRAEVKFEGDTLVNRIELKGIDFKEDGNILGHKLEYNYNSHNVYITADKQKNGIKANFKIRHNIEDGGVQLADHYQQNTPIGDGPVLLPDNHYLSTQSKLSKDPNEKRDHMVLLEFVTAAGITLGMDELYK,0M-0MsubV+63F-63FsubL+64S-64SsubG+71S-71SsubA+152M-152MsubT+162V-162VsubA+174S-174SsubG+205A-205AsubK+230H-230HsubL,H08,SGFP2(T65G)_002,VSKGEELFTGVVPILVELDGDVNGHKFSVSGEGEGDATYGKLTLKFICTTGKLSPVPWPTLVTTLSYGVQCFARYPDHMKQHDFFKSAMPEGYVQERTIFFKDDGNYKTRAEVKFEGDTLVNRIELKGIDFKEDGNILGHKLEYNYNSHNVYITADKQKNGIKANFKIRHNIEDGGVQLADHYQQNTPIGDGPVLLPDNHYLSTQSKLSKDPNEKRDHMVYLLEFVTAAGITLGMDELYK,53P-53PsubSP+64G-64GsubS+219L-219LsubYL,1.4800297,15.61455,85.56264,UCB(0.1),Stokes Shift,SGFP2(T65G),501.0,512.0,0.35,31.5,,80,13.654247310356148,14.0
