base_seq_well,base_seq_name,base_seq,base_mutations,opt_seq_well,opt_seq_name,opt_seq,opt_mutations,obj_val,base_pred_label,opt_pred_label,acq_type,task,base_name,base_ex_max,base_em_max,base_quantum_yield,base_brightness,base_aliases
A01,Aquamarine_001,VSKGEELFTGVVPILVELDGDVNGHKFSVSGEGEGDATYGKLTLKFICTTGKLPVPWPTLVTTLSWGVQCFSRYPDHMKQHDFFKSAMPEGYVQERTIFFKDDGNYKTRAEVKFEGDTLVNRIELKGIDFKEDGNILGHKLEYNYISGNVYITADKQKNGIKANFKIRHNIEDGSVQLADHYQQNTPIGDGPVLLPDNHYLSTQSALSKDPNEKRDHMVLLEFVTAAGITLGMDELYK,0M-0MsubV+63F-63FsubL+65Y-65YsubW+145N-145NsubI+147H-147HsubG+152M-152MsubT+162V-162VsubA+230H-230HsubL,B01,Aquamarine_002,VSKGEELFTGVVPILVELDGDVNGHKFSVSGEGEGDASYGKLTLKFICTTGKLPVPWPTLVTTLSYGVQCFSRYPDHMKQHDFFKSAMPEGYVQERTIFFKDDGNYKTCRAEVKFEGDTLVNRIELKGIDFKEDGNILGHKLEYNYISGNVYITADKQKNGIKANFKIRHNIEDGSVQLADHYQQNTPIGDGPVLLPDNHYLSTQSALSKDPNEKRDHMVLLEFVTAAGITLGMDELYK,37T-37TsubS+65W-65WsubY+108R-108RsubCR,1.6205708,57.448524,89.78497,ucb_0.1,Stokes Shift,Aquamarine,430,474,0.89,23.14,
F02,cfSGFP2_001,VSKGEELFTGVVPILVELDGDVNGHKFSVSGEGEGDATYGKLTLKFISTTGKLPVPWPTLVTTLTYGVQMFARYPDHMKQHDFFKSAMPEGYVQERTIFFKDDGNYKTRAEVKFEGDTLVNRIELKGIDFKEDGNILGHKLEYNYNSHNVYITADKQKNGIKANFKIRHNIEDGGVQLADHYQQNTPIGDGPVLLPDNHYLSTQSKLSKDPNEKRDHMVLLEFVTAAGITLGMDELYK,0M-0MsubV+47C-47CsubS+63F-63FsubL+64S-64SsubT+69C-69CsubM+71S-71SsubA+152M-152MsubT+162V-162VsubA+174S-174SsubG+205A-205AsubK+230H-230HsubL,G02,cfSGFP2_002,VSKGEELFTVVPILVELDGDVNGHKFSVSGEGEGDATYGKLTLKFISTTGKLPVPWPTLVTTLSYGVQMFARYPDHMKQHDFFKSAMPEGYVQERTIFFKDDGNYKTRAEVKFEGDTLVNRIELKGIDVKEDGNILGHKLEYNYNSHNVYITADKQKNGIKANFKIRHNIEDGGVQLADHYQQNTPIGDGPVLLPDNHYLSTQSKLSKDPNEKRDHMVLLEFVTAAGITLGMDELYK,9G-9Gdel+64T-64TsubS+129F-129FsubV,1.5439473,21.012922,87.44694,ucb_0.1,Stokes Shift,cfSGFP2,493,517,0.75,33.75,
H02,Citrine2_001,VSKGEELFTGVVPILVELDGDVNGHKFSVTGEGEGDATYGKLTLKFICTTGKLPVPWPTLVTTFGYGLTCFARYPDHMKQHDFFKSAMPEGYVQERTIFFKDDGNYKTRAEVKFEGDTLVNRIELKGIDFKEDGNILGHKLEYNHNSHYVYIMADKQKNGIKANFKIRHNIEDGSVQLADHYQQNTPIGDGPVLLPDNHYLSYQSQLSKDPNEERDHTVLLEFVTAAGITLGMGELYK,0M-0MsubV+29S-29SsubT+64S-64SsubG+67V-67VsubL+68Q-68QsubT+71S-71SsubA+144Y-144YsubH+148N-148NsubY+162V-162VsubA+202T-202TsubY+205A-205AsubQ+213K-213KsubE+217M-217MsubT+230H-230HsubL+233D-233DsubG,A03,Citrine2_002,VSKGEELFTGVVPILVELDGDVNGHKFSVTGEGEGDATYGKLTLKFICTTGKLPVPWPTLVTTFSYGATCFARYPDHMKQHDFFKSAMPEGYVQERTIFFKDDGNYKTRAEVKFEGDTLVNRIELKGIDFKEDGNILGHKLEYNHNSHYVYIMADKQKNGIKANFKIRHNIEDGSVQLADHYQQNTPIGDGPVLLPDNHYLSYQSQLSKDPNEERDHTVLLEFVTAAGITLGMGELYK,64G-64GsubS+67L-67LsubA,1.4493567,13.833765,84.69716,ucb_0.1,Stokes Shift,Citrine2,509,522,0.7,68.6,
B03,Clover_001,VSKGEELFTGVVPILVELDGDVNGHKFSVRGEGEGDATNGKLTLKFICTTGKLPVPWPTLVTTFGYGVACFSRYPDHMKQHDFFKSAMPEGYVQERTISFKDDGTYKTRAEVKFEGDTLVNRIELKGIDFKEDGNILGHKLEYNFNSHNVYITADKQKNGIKANFKIRHNVEDGSVQLADHYQQNTPIGDGPVLLPDNHYLSHQSALSKDPNEKRDHMVLLEFVTAAGITHGMDELYK,0M-0MsubV+29S-29SsubR+38Y-38YsubN+64S-64SsubG+68Q-68QsubA+98F-98FsubS+104N-104NsubT+144Y-144YsubF+152M-152MsubT+162V-162VsubA+170I-170IsubV+202T-202TsubH,C03,Clover_002,VSKGEELFTGVVPILVELDGDVNGHKFSVRGEGEGDATNGKLTLKFICTTGKLPVPWPTLVTTFSYGVACFSRYPDHMKQVDFFKSAMPEGYVQERTISFKDDGTYKTRAEVKFEGDTLVNRIELKGIDFKEDGNILGHKLEYNFNSHNVYITADKQKNGIKANFKIRHNVEDGSVQLADHYQQNTPIGDGPVLLPDNHYLSHQSALSKDPNEKRDHMVLLEFVTAASITHGMDELYK,64G-64GsubS+80H-80HsubV+227G-227GsubS,1.3923261,17.219091,82.55067,ucb_0.1,Stokes Shift,Clover,505,515,0.76,84.36,
,,,,D03,Clover_003,VSKGEELFTGVVPILVELDGDVNGHKFSVRGEGEGDATNGKLTLKFICTTGKLPVPWPTLVTTFPYGVACFSRYPDHMKQHDFFKSAMPEGYVQERTISFKDDGTYKTRAEVKFEGDTLVNRIELKGIDFKEDGNILGHKLEYNFNSHNVYITADKQKNGIKANFKIRHNVEDGSVQLADHYQQNTPIGDGPVLLPDNHYLSHQSALSKDPNEKRDHMVLLEFVTAAGITHGMDELYK,64G-64GsubP,-0.21280774,17.219091,32.594032,control,Stokes Shift,Clover,505,515,0.76,84.36,
E03,EGFP_001,VSKGEELFTGVVPILVELDGDVNGHKFSVSGEGEGDATYGKLTLKFICTTGKLPVPWPTLVTTLTYGVQCFSRYPDHMKQHDFFKSAMPEGYVQERTIFFKDDGNYKTRAEVKFEGDTLVNRIELKGIDFKEDGNILGHKLEYNYNSHNVYIMADKQKNGIKVNFKIRHNIEDGSVQLADHYQQNTPIGDGPVLLPDNHYLSTQSALSKDPNEKRDHMVLLEFVTAAGITLGMDELYK,0M-0MsubV+63F-63FsubL+64S-64SsubT+230H-230HsubL,F03,EGFP_002,VSKGEELFTGVVPILVELDGDVNGHKFSVSGEGEGDATYGKLTLKFICTTGKLPVPWPTLVTTLSYGVQCFSRYPDHMKQHDFFKSAMPEGYVQERTIFFKDDGNYKTRAEVKFEGDTLVNRIELKGIDFKEDGNILGHKLEYNYNSHNVYIMAPKQKNGIKVNFKIRHNIEDGSVQLADHYQQNTPIGDGPVLLPSNHYLSTQSALSKDPNEKRDHMVLLEFVTAAGITLGMDELYK,64T-64TsubS+154D-154DsubP+196D-196DsubS,1.531498,18.305336,87.05505,ucb_0.1,Stokes Shift,EGFP,488,507,0.6,33.54,"enhanced GFP, GFPmut1"
G03,Emerald_001,VSKGEELFTGVVPILVELDGDVNGHKFSVSGEGEGDATYGKLTLKFICTTGKLPVPWPTLVTTLTYGVQCFARYPDHMKQHDFFKSAMPEGYVQERTIFFKDDGNYKTRAEVKFEGDTLVNRIELKGIDFKEDGNILGHKLEYNYNSHKVYITADKQKNGIKVNFKTRHNIEDGSVQLADHYQQNTPIGDGPVLLPDNHYLSTQSALSKDPNEKRDHMVLLEFVTAAGITLGMDELYK,0M-0MsubV+63F-63FsubL+64S-64SsubT+71S-71SsubA+148N-148NsubK+152M-152MsubT+166I-166IsubT+230H-230HsubL,H03,Emerald_002,VSKGEELFTGVVPILVELDGDVNGHKFSVSGEGEGDATYGKLTLKFICTTGKLPVPWPTLVTTLSYGVQCFARYPDHMKQHDFFKSAMPEGYVQERTIFFKDDGNYKTRAEVKFEGDTLVNRIELVGIDFKEDGNILGHKLEYNYNSHKVYITADKQKNGIKVNFKTRHNIEDGSVQLADHYQQNTPIGDGPVLLPDNHYLSTQSALSKDPNEKRDHMVLLEFVYAAGITLGMDELYK,64T-64TsubS+125K-125KsubV+224T-224TsubY,1.469977,17.21228,85.25794,ucb_0.1,Stokes Shift,Emerald,487,509,0.68,39.1,
A04,GFPmut2_001,SKGEELFTGVVPILVELDGDVNGHKFSVSGEGEGDATYGKLTLKFICTTGKLPVPWPTLVTTFAYGLQCFARYPDHMKQHDFFKSAMPEGYVQERTIFFKDDGNYKTRAEVKFEGDTLVNRIELKGIDFKEDGNILGHKLEYNYNSHNVYIMADKQKNGIKVNFKIRHNIEDGSVQLADHYQQNTPIGDGPVLLPDNHYLSTQSALSKDPNEKRDHMVLLEFVTAAGITHGMDELYK,0M-0Mdel+64S-64SsubA+67V-67VsubL+71S-71SsubA,B04,GFPmut2_002,SKGEELFTGVVPILVELDGDVNGHKFSVSGEGEGDATYGKLTLKFICTTGKLPVPWPTLVTTFAVGLQCFARYPDHMKQHDFFKSAMPEGYVQERTIFFKDDGNYKTRAEVKFEGDTLVNRIELKGIDFKEDGNILGHKLEYNYNSHNVYIMADKQWKNGIKVNFKIRHNIEDGSVQLADHYQQNTPIGDGPVLLPDNHYLSTQSALSKDPNEKRDHMVLLEFVTAAGITHGMDELYK,64Y-64YsubV+156K-156KsubWK,0.09122519,24.09724,42.404495,control,Stokes Shift,GFPmut2,485,508,0.73,39.35,
C04,mCerulean3_001,VSKGEELFTGVVPILVELDGDVNGHKFSVSGEGEGDATYGKLTLKFICTTGKLPVPWPTLVTTLSWGVQCFARYPDHMKQHDFFKSAMPEGYVQERTIFFKDDGNYKTRAEVKFEGDTLVNRIELKGIDFKEDGNILGHKLEYNAIHGNVYITADKQKNGIKANFGLNCNIEDGSVQLADHYQQNTPIGDGPVLLPDNHYLSTQSKLSKDPNEKRDHMVLLEFVTAAGITLGMDELYK,0M-0MsubV+63F-63FsubL+65Y-65YsubW+71S-71SsubA+144Y-144YsubA+145N-145NsubI+146S-146SsubH+147H-147HsubG+152M-152MsubT+162V-162VsubA+165K-165KsubG+166I-166IsubL+167R-167RsubN+168H-168HsubC+205A-205AsubK+230H-230HsubL,D04,mCerulean3_002,VSKGEELSTGVVPILVELDGDVNGHKFSVSGEGEGDATYGKLTLKFICTTGKLPVPWPTLVTTLSYGVQCFARYPDHMKQHDFFKSAMPEGYVQERTIFFKDDGNYKTRAEVKFEGDTLVNRIELKGIDFKEDGNILGHKLEYNAIHGNVYITADKQKNGIKANFGLNCNIEDGSVQLADHYQQNTPIGDGPVLLPDNHYLSIQSKLSKDPNEKRDHMVLLEFVTAAGITLGMDELYK,7F-7FsubS+65W-65WsubY+202T-202TsubI,1.5421183,55.85608,87.38562,ucb_0.1,Stokes Shift,mCerulean3,433,475,0.87,34.8,
E04,mCitrine_001,VSKGEELFTGVVPILVELDGDVNGHKFSVSGEGEGDATYGKLTLKFICTTGKLPVPWPTLVTTFGYGLMCFARYPDHMKQHDFFKSAMPEGYVQERTIFFKDDGNYKTRAEVKFEGDTLVNRIELKGIDFKEDGNILGHKLEYNYNSHNVYIMADKQKNGIKVNFKIRHNIEDGSVQLADHYQQNTPIGDGPVLLPDNHYLSYQSKLSKDPNEKRDHMVLLEFVTAAGITLGMDELYK,0M-0MsubV+64S-64SsubG+67V-67VsubL+68Q-68QsubM+71S-71SsubA+202T-202TsubY+205A-205AsubK+230H-230HsubL,F04,mCitrine_002,VSKGEELFTGVVPILVELDGDVNGHKFSVSGEGEGDATYGKLTLKFICTTGKLPVPWPDLVTTFSYGIMCFARYPDHMKQHDFFKSAMPEGYVQERTIFFKDDGNYKTRAEVKFEGDTLVNRIELKGIDFKEDGNILGHKLEYNYNSHNVYIMADKQKNGIKVNFKIRHNIEDGSVQLADHYQQNTPIGDGPVLLPDNHYLSYQSKLSKDPNEKRDHMVLLEFVTAAGITLGMDELYK,58T-58TsubD+64G-64GsubS+67L-67LsubI,1.3933984,12.46796,83.039734,ucb_0.1,Stokes Shift,mCitrine,516,529,0.74,69.56,
G04,mClover3_001,VSKGEELFTGVVPILVELDGDVNGHKFSVRGEGEGDATNGKLTLKFICTTGKLPVPWPTLVTTFGYGVACFSRYPDHMKQHDFFKSAMPEGYVQERTISFKDDGTYKTRAEVKFEGDTLVNRIELKGIDFKEDGNILGHKLEYNFNSHYVYITADKQKNCIKANFKIRHNVEDGSVQLADHYQQNTPIGDGPVLLPDNHYLSHQSKLSKDPNEKRDHMVLLEFVTAAGITHGMDELYK,0M-0MsubV+29S-29SsubR+38Y-38YsubN+64S-64SsubG+68Q-68QsubA+98F-98FsubS+104N-104NsubT+144Y-144YsubF+148N-148NsubY+152M-152MsubT+159G-159GsubC+162V-162VsubA+170I-170IsubV+202T-202TsubH+205A-205AsubK,H04,mClover3_002,VSKGEELFTGVVPILVELDGDVNGHKFSVRGEGEGDATNGKLTLKFICTTGKLPVPWPTLVTTFSYGVACFSRYPDHMKQIHDFFKSAMPEGYVQERTISFKDDGTYKTRAEVKFEGDTLVNRIELKGIDFKEDGNILGHKLEYNFNSHYVYITADKQKNCIKANFKIRHNVEDGSVQLADHYQQNTPIGDGPVLLPDNHYLSHYSKLSKDPNEKRDHMVLLEFVTAAGITHGMDELYK,64G-64GsubS+80H-80HsubIH+203Q-203QsubY,1.4027283,18.112953,83.03029,ucb_0.1,Stokes Shift,mClover3,506,518,0.78,85.02,
,,,,A05,mClover3_003,VSKGEELFTGVVPILVELDGDVNGHKFSVRGEGEGDATNGKLTLKFICTTGKLPVAWPTLVTTFGYGVACFSRYPDHMKQHDFFKSAMPEGYVQERTISFKDDGTYKTRAEVKFEGDTLVNRIELKGIDFKEDGNILGHKLEYNFNSHYVYITADKQKMCIKANFKIRHNVEDGSVQLADHYQQNTPIGDGPVLLPDNHYLSHQSKLSKNPNEKRDHMVLLEFVTAAGITHGMDELYK,55P-55PsubA+158N-158NsubM+209D-209DsubN,-0.6606948,18.112953,19.530449,control,Stokes Shift,mClover3,506,518,0.78,85.02,
B05,mEGFP_001,VSKGEELFTGVVPILVELDGDVNGHKFSVSGEGEGDATYGKLTLKFICTTGKLPVPWPTLVTTLTYGVQCFSRYPDHMKQHDFFKSAMPEGYVQERTIFFKDDGNYKTRAEVKFEGDTLVNRIELKGIDFKEDGNILGHKLEYNYNSHNVYIMADKQKNGIKVNFKIRHNIEDGSVQLADHYQQNTPIGDGPVLLPDNHYLSTQSKLSKDPNEKRDHMVLLEFVTAAGITLGMDELYK,0M-0MsubV+63F-63FsubL+64S-64SsubT+205A-205AsubK+230H-230HsubL,C05,mEGFP_002,VSKGEELFTGVVPILVELDGDVNGHKFSVSGEGEGDATYGKLTLKFICTTGKLPVPWPTLVTTLSYGVQCFSARYPDHMKQHDFFKSAMPEGYVQERTIFFKDDGNYKTRAEVKFEGDTLVNRIELKGIDFKEDGNILGHKLEYNYNSHNVYIMADKQKNGIKVNFKIRHNIEDGSVQLADHYQQNTPIGDGPVLLPDNHYLSTQSKLSKDPNEKRDHMVLLEFWVTAAGITLGMDELYK,64T-64TsubS+72R-72RsubAR+223V-223VsubWV,1.5664146,16.918987,88.19823,ucb_0.1,Stokes Shift,mEGFP,488,507,0.6,33.6,
D05,mEmerald_001,VSKGEELFTGVVPILVELDGDVNGHKFSVSGEGEGDATYGKLTLKFICTTGKLPVPWPTLVTTLTYGVQCFARYPDHMKQHDFFKSAMPEGYVQERTIFFKDDGNYKTRAEVKFEGDTLVNRIELKGIDFKEDGNILGHKLEYNYNSHKVYITADKQKNGIKVNFKTRHNIEDGSVQLADHYQQNTPIGDGPVLLPDNHYLSTQSKLSKDPNEKRDHMVLLEFVTAAGITLGMDELYK,0M-0MsubV+63F-63FsubL+64S-64SsubT+71S-71SsubA+148N-148NsubK+152M-152MsubT+166I-166IsubT+205A-205AsubK+230H-230HsubL,E05,mEmerald_002,VSKGEELFTGVVPILVELDGDVNGHKFSVSGEGEGDATYGKLTLKFICTTKLPVPWPTLVTTLSYGVQCFARYPDHMKQHDFFASAMPEGYVQERTIFFKDDGNYKTRAEVKFEGDTLVNRIELKGIDFKEDGNILGHKLEYNYNSHKVYITADKQKNGIKVNFKTRHNIEDGSVQLADHYQQNTPIGDGPVLLPDNHYLSTQSKLSKDPNEKRDHMVLLEFVTAAGITLGMDELYK,50G-50Gdel+64T-64TsubS+84K-84KsubA,1.5254875,15.826057,86.93441,ucb_0.1,Stokes Shift,mEmerald,487,509,0.68,39.1,
F05,mEYFP_001,VSKGEELFTGVVPILVELDGDVNGHKFSVSGEGEGDATYGKLTLKFICTTGKLPVPWPTLVTTFGYGLQCFARYPDHMKQHDFFKSAMPEGYVQERTIFFKDDGNYKTRAEVKFEGDTLVNRIELKGIDFKEDGNILGHKLEYNYNSHNVYIMADKQKNGIKVNFKIRHNIEDGSVQLADHYQQNTPIGDGPVLLPDNHYLSYQSKLSKDPNEKRDHMVLLEFVTAAGITLGMDELYK,0M-0MsubV+64S-64SsubG+67V-67VsubL+71S-71SsubA+202T-202TsubY+205A-205AsubK+230H-230HsubL,G05,mEYFP_002,VSKGEELFTGVVPILVELDGDVNGHKFSVSGEGEGDATYGKLHLKFICTTGKLPVPWPTLVTTFGYGLQCFARYPDHMKQHDFFKSAMPEGYVQERTIFFKDDGNYKTRAEVKFEGDTLVNRIELKGIDFKEDGNILGHKLEYNYNSHNVYIMADKQKNGIKVNFKIRHNIEDGSVQLADHYQQNDPIGDGPVLLPDNHYLSYQSKLSKDPNEKRDHMVLLEFVTAAGITLGMDELYK,42T-42TsubH+185T-185TsubD,-0.92314273,11.202702,11.499025,control,Stokes Shift,mEYFP,515,528,0.62,48.98,
H05,mGold_001,VSKGEELFTGVVPILVELDGDVNGHKFSVSGEGEGDATYGKLTLKFICTTGKLPVPWPTLVTSLGYGLQCFARYPDHMKQHDFFKSAMPEGYVQERTIFFKDDGNYKTRAEVKFEGDTLVNRIELKGIDFKEDGNILGHKLEYNYNSHNVYITADKQKNGIKANFKIRHNIEDGGVQLADHYQQNTPIGDGPVLLPDNHYLSYQSKLSKDPNEKRDHMVLLEFVTAAGITLGMDELYK,0M-0MsubV+62T-62TsubS+63F-63FsubL+64S-64SsubG+67V-67VsubL+71S-71SsubA+152M-152MsubT+162V-162VsubA+174S-174SsubG+202T-202TsubY+205A-205AsubK+230H-230HsubL,A06,mGold_002,VSKGEELFTGVVPILVELDGDNNGHKFSVSGEGEGDATYGKLTLKFICTTGKLPVPWPTLVTSLGYGLQCFARYPDHMKQHDFFKSAMPEGYVQERTIFFKSDGNYKTRAEVKFEGDTLVNRIELKGIDFKEDGNILGHKLEYNYNSHNVYITADKQKNGIKANFKIRHNIEDGGVQLADHYQQNTPIGDGPVLLEDNHYLSYQSKLSKDPNEKRDHMVLLEFVTAAGITLGMDELYK,21V-21VsubN+101D-101DsubS+195P-195PsubE,-0.48681825,23.922585,24.566824,control,Stokes Shift,mGold,515,531,0.64,68.48,
B06,moxGFP_001,VSKGEELFTGVVPILVELDGDVNGHKFSVRGEGEGDATNGKLTLKFISTTGKLPVPWPTLVTTLTYGVQSFSRYPDHMKRHDFFKSAMPEGYVQERTISFKDDGTYKTRAEVKFEGDTLVNRIELKGIDFKEDGNILGHKLEYNFNSHNVYITADKQKNGIKANFKIRHNVEDGSVQLADHYQQNTPIGDGPVLLPDNHYLSTQSKLSKDPNEKRDHMVLLEFVTAAGITHGMDELYK,0M-0MsubV+29S-29SsubR+38Y-38YsubN+47C-47CsubS+63F-63FsubL+64S-64SsubT+69C-69CsubS+79Q-79QsubR+98F-98FsubS+104N-104NsubT+144Y-144YsubF+152M-152MsubT+162V-162VsubA+170I-170IsubV+205A-205AsubK,C06,moxGFP_002,VSKGEELFTGVVPILVELDGDVNHKFSVRGEGEGDASNGKLTLKFISTTGKLPVPWPTLVTTLSYGVQSFSRYPDHMKRHDFFKSAMPEGYVQERTISFKDDGTYKTRAEVKFEGDTLVNRIELKGIDFKEDGNILGHKLEYNFNSHNVYITADKQKNGIKANFKIRHNVEDGSVQLADHYQQNTPIGDGPVLLPDNHYLSTQSKLSKDPNEKRDHMVLLEFVTAAGITHGMDELYK,23G-23Gdel+37T-37TsubS+64T-64TsubS,1.6112045,22.575031,89.341385,ucb_0.1,Stokes Shift,moxGFP,486,510,0.58,50.46,
D06,mT-Sapphire_001,VSKGEELFTGVVPILVELDGDVNGHKFSVSGEGEGDATYGKLTLKFICTTGKLPVPWPTLVTTFSYGVMVFARYPDHMKQHDFFKSAMPEGYVQERTIFFKDDGNYKTRAEVKFEGDTLVNRIELKGIDFKEDGNILGHKLEYNFNSHNVYIMADKQKNGIKANFKIRHNIEDGGVQLADHYQQNTPIGDGPVLLPDNHYLSIQSKLSKDPNEKRDHMVLLEFVTAAGITLGMDELYK,0M-0MsubV+68Q-68QsubM+69C-69CsubV+71S-71SsubA+144Y-144YsubF+162V-162VsubA+174S-174SsubG+202T-202TsubI+205A-205AsubK+230H-230HsubL,E06,mT-Sapphire_002,VSKGEELFTGVVPILVELDGDVNGHKFSVSGEGEGDATYGKLTLKFICTTGKLPVPWPTLVTTFSYGVMVFARYPDHMKQHDFFKSAMPEGYVQERTIFFKDDGNYKTRAEVKFSYGDTLVNRIEALKGIDFKEDGNILGHKLEYNFNSHNVYIMADKQKNGIKANFKIRHNIEDGGVQLADHYQQNTPIGDGPVLLPDNHYLSIQSKLSKDPNEKRDHMVLLEFVTAAGITLGMDELYK,114E-114EsubSE+114E-114EsubY+124L-124LsubAL,2.1384592,94.707405,104.76871,ucb_0.1,Stokes Shift,mT-Sapphire,399,511,0.6,26.4,
F06,mTurquoise_001,VSKGEELFTGVVPILVELDGDVNGHKFSVSGEGEGDATYGKLTLKFICTTGKLPVPWPTLVTTLSWGVQCFARYPDHMKQHDFFKSAMPEGYVQERTIFFKDDGNYKTRAEVKFEGDTLVNRIELKGIDFKEDGNILGHKLEYNYISDNVYITADKQKNGIKANFKIRHNIEDGGVQLADHYQQNTPIGDGPVLLPDNHYLSTQSKLSKDPNEKRDHMVLLEFVTAAGITLGMDELYK,0M-0MsubV+63F-63FsubL+65Y-65YsubW+71S-71SsubA+145N-145NsubI+147H-147HsubD+152M-152MsubT+162V-162VsubA+174S-174SsubG+205A-205AsubK+230H-230HsubL,G06,mTurquoise_002,VSKGEELFTGVVPILVELDGDVNGHKFSVSGEGEGDATYGKLTLKFICTTGKLPVPWPTLVTTLSYGVQCSARYPDHMKQHDFFKSAMPEGYVQERTIFFKDDGNYKTRAEVKFEGDTLVNRIELKGIDFKEDGNILGHKLEYNYISDNVYITGDKQKNGIKANFKIRHNIEDGGVQLADHYQQNTPIGDGPVLLPDNHYLSTQSKLSKDPNEKRDHMVLLEFVTAAGITLGMDELYK,65W-65WsubY+70F-70FsubS+153A-153AsubG,1.5440187,55.432068,87.429726,ucb_0.1,Stokes Shift,mTurquoise,434,474,0.84,25.2,
H06,mTurquoise2_001,VSKGEELFTGVVPILVELDGDVNGHKFSVSGEGEGDATYGKLTLKFICTTGKLPVPWPTLVTTLSWGVQCFARYPDHMKQHDFFKSAMPEGYVQERTIFFKDDGNYKTRAEVKFEGDTLVNRIELKGIDFKEDGNILGHKLEYNYFSDNVYITADKQKNGIKANFKIRHNIEDGGVQLADHYQQNTPIGDGPVLLPDNHYLSTQSKLSKDPNEKRDHMVLLEFVTAAGITLGMDELYK,0M-0MsubV+63F-63FsubL+65Y-65YsubW+71S-71SsubA+145N-145NsubF+147H-147HsubD+152M-152MsubT+162V-162VsubA+174S-174SsubG+205A-205AsubK+230H-230HsubL,A07,mTurquoise2_002,VSKGEELFTGVVPILVELDGDVNGHKFSVSGEGEGDATYGKLTLKFICTTGKLPVPWPTLVTTLSYGVTCFARYPDHMKQHDFFKSAMPEGYVQERTIFFKDDGNYKTRAEVKFEGDTLVNRIELKGIDFKEDGNILGHKLEYNYFSDNVYITMDKQKNGIKANFKIRHNIEDGGVQLADHYQQNTPIGDGPVLLPDNHYLSTQSKLSKDPNEKRDHMVLLEFVTAAGITLGMDELYK,65W-65WsubY+68Q-68QsubT+153A-153AsubM,1.572236,55.31428,88.035065,ucb_0.1,Stokes Shift,mTurquoise2,434,474,0.93,27.9,
B07,muGFP_001,SKGEELFTGVVPILVELDGDVNGHKFSVRGEGEGDATNGKLTLKFICTTGKLPVPWPTLVTTLTYGVLCFSRYPDHMKRHDFFKSAMPEGYVQERTISFKDDGTYKTRAEVKFEGDTLVNRIELKGIDFKEDGNILGHKLEYNFNSHNVYITADKQKNGIKAYFKIRHNVEDGSVQLADHYQQNTPIGDGPVLLPDNHYLSTQSVLSKDPNEKRDHMVLLEDVTAAGITHGMDELYK,0M-0Mdel+29S-29SsubR+38Y-38YsubN+63F-63FsubL+64S-64SsubT+68Q-68QsubL+79Q-79QsubR+98F-98FsubS+104N-104NsubT+144Y-144YsubF+152M-152MsubT+162V-162VsubA+163N-163NsubY+170I-170IsubV+205A-205AsubV+222F-222FsubD,C07,muGFP_002,SKGEELFTGVVPILVELDGDVNGHKFSVRGEGEGDATNGKLTLKFICTTGKLPVPWPTLVTTLSYGVLCFSRYPDHMKRHDFFKSAMPEGYVQERTISFKDDGYKTRAEVKFEGDTLVNRIILKGIDFKEDGNILGHKLEYNFNSHNVYITADKQKNGIKAYFKIRHNVEDGSVQLADHYQQNTPIGDGPVLLPDNHYLSTQSVLSKDPNEKRDHMVLLEDVTAAGITHGMDELYK,63T-63TsubS+103T-103Tdel+122E-122EsubI,1.5287409,18.891008,87.02584,ucb_0.1,Stokes Shift,muGFP,490,508,0.45,52.65,monomeric ultra-stable GFP
,,,,D07,muGFP_003,SKGEELFTGVVPILVELDGDVNGHKFSVRGEGEGDATNGKLTLKFICTTGKLPVPWPTLVTTLTYGVLCFSRYPDHMKRHDFFKSAMPEGYVQERTISFKDDGTYKTRAEVKFEGDTLVNRIELKGIDFKEDGNILGHKLEYNFNSHNVYITADKQKNGIKAYFKIRHNVEDGSVQLADHYQQNTPIGDGPVLLPDNHYLSTQSVLSKDPNEKRDHMVLLEDVEAAGITHGMDELYK,223T-223TsubE,-0.69280964,18.891008,18.637777,control,Stokes Shift,muGFP,490,508,0.45,52.65,monomeric ultra-stable GFP
E07,mVenus-Q69M_001,VSKGEELFTGVVPILVELDGDVNGHKFSVSGEGEGDATYGKLTLKLICTTGKLPVPWPTLVTTLGYGLMCFARYPDHMKQHDFFKSAMPEGYVQERTIFFKDDGNYKTRAEVKFEGDTLVNRIELKGIDFKEDGNILGHKLEYNYNSHNVYITADKQKNGIKANFKIRHNIEDGGVQLADHYQQNTPIGDGPVLLPDNHYLSYQSKLSKDPNEKRDHMVLLEFVTAAGITLGMDELYK,0M-0MsubV+45F-45FsubL+63F-63FsubL+64S-64SsubG+67V-67VsubL+68Q-68QsubM+71S-71SsubA+152M-152MsubT+162V-162VsubA+174S-174SsubG+202T-202TsubY+205A-205AsubK+230H-230HsubL,F07,mVenus-Q69M_002,VSKGEELFTGVVPILVELDGDVNGHKFSVSGEGEGDATYGKLTLKLICTTGKLPVPWPTLVTTLSYGVMCFARYPDHMKQHDFFKSAMPEGYVQERTIFFHDDGNYKTRAEVKFEGDTLVNRIELKGIDFKEDGNILGHKLEYNYNSHNVYITADKQKNGIKANFKIRHNIEDGGVQLADHYQQNTPIGDGPVLLPDNHYLSYQSKLSKDPNEKRDHMVLLEFVTAAGITLGMDELYK,64G-64GsubS+67L-67LsubV+100K-100KsubH,1.6368964,13.033676,89.94216,ucb_0.1,Stokes Shift,mVenus-Q69M,515,528,,96.97,mVenus ME
G07,SGFP1_001,VSKGEELFTGVVPILVELDGDVNGHKFSVSGEGEGDATYGKLTLKFICTTGKLPVPWPTLVTTLTYGLQCFARYPDHMKQHDFFKSAMPEGYVQERTIFFKDDGNYKTRAEVKFEGDTLVNRIELKGIDFKEDGNILGHKLEYNYNSHNVYITADKQKNGIKANFKIRHNIEDGGVQLADHYQQNTPIGDGPVLLPDNHYLSTQSKLSKDPNEKRDHMVLLEFVTAAGITLGMDELYK,0M-0MsubV+63F-63FsubL+64S-64SsubT+67V-67VsubL+71S-71SsubA+152M-152MsubT+162V-162VsubA+174S-174SsubG+205A-205AsubK+230H-230HsubL,H07,SGFP1_002,VSKGEELFTGVVPILVELDGDVNGHKFSVSGGEGDATYGKLTLKFICTTGKLPVPWPTLVTTLSYGLRCFARYPDHMKQHDFFKSAMPEGYVQERTIFFKDDGNYKTRAEVKFEGDTLVNRIELKGIDFKEDGNILGHKLEYNYNSHNVYITADKQKNGIKANFKIRHNIEDGGVQLADHYQQNTPIGDGPVLLPDNHYLSTQSKLSKDPNEKRDHMVLLEFVTAAGITLGMDELYK,31E-31Edel+64T-64TsubS+68Q-68QsubR,1.3222426,13.071415,80.57596,ucb_0.1,Stokes Shift,SGFP1,495,512,0.62,26.04,
A08,SGFP2_001,VSKGEELFTGVVPILVELDGDVNGHKFSVSGEGEGDATYGKLTLKFICTTGKLPVPWPTLVTTLTYGVQCFARYPDHMKQHDFFKSAMPEGYVQERTIFFKDDGNYKTRAEVKFEGDTLVNRIELKGIDFKEDGNILGHKLEYNYNSHNVYITADKQKNGIKANFKIRHNIEDGGVQLADHYQQNTPIGDGPVLLPDNHYLSTQSKLSKDPNEKRDHMVLLEFVTAAGITLGMDELYK,0M-0MsubV+63F-63FsubL+64S-64SsubT+71S-71SsubA+152M-152MsubT+162V-162VsubA+174S-174SsubG+205A-205AsubK+230H-230HsubL,B08,SGFP2_002,PSKGEELFTGVVPILVELDGDVNGHKFSVSGEGEGDATYGKLTLKFICTTGKLPVPWPTLVTTLSYGVQCFARYPDHMSQHDFFKSAMPEGYVQERTIFFKDDGNYKTRAEVKFEGDTLVNRIELKGIDFKEDGNILGHKLEYNYNSHNVYITADKQKNGIKANFKIRHNIEDGGVQLADHYQQNTPIGDGPVLLPDNHYLSTQSKLSKDPNEKRDHMVLLEFVTAAGITLGMDELYK,0V-0VsubP+64T-64TsubS+78K-78KsubS,1.513793,15.554981,86.61186,ucb_0.1,Stokes Shift,SGFP2,495,512,0.7,32.2,
C08,SGFP2(206A)_001,VSKGEELFTGVVPILVELDGDVNGHKFSVSGEGEGDATYGKLTLKFICTTGKLPVPWPTLVTTLTYGVQCFARYPDHMKQHDFFKSAMPEGYVQERTIFFKDDGNYKTRAEVKFEGDTLVNRIELKGIDFKEDGNILGHKLEYNYNSHNVYITADKQKNGIKANFKIRHNIEDGGVQLADHYQQNTPIGDGPVLLPDNHYLSTQSALSKDPNEKRDHMVLLEFVTAAGITLGMDELYK,0M-0MsubV+63F-63FsubL+64S-64SsubT+71S-71SsubA+152M-152MsubT+162V-162VsubA+174S-174SsubG+230H-230HsubL,D08,SGFP2(206A)_002,VSKGEELFTGVVPILVELDDVNGHKFSVSGEGEGDATYGKLTLKFICTTGKLPVPWPTLVTTLSYGVQCFARYPDHMKQHDFFKSAMPEGYVQERTIFFKDDGNYKTRAEVKFEGDTLVNRIELKGIDFKEDVNILGHKLEYNYNSHNVYITADKQKNGIKANFKIRHNIEDGGVQLADHYQQNTPIGDGPVLLPDNHYLSTQSALSKDPNEKRDHMVLLEFVTAAGITLGMDELYK,19G-19Gdel+64T-64TsubS+133G-133GsubV,1.4949512,16.941002,86.02258,ucb_0.1,Stokes Shift,SGFP2(206A),496,512,0.69,30.36,
E08,SGFP2(E222Q)_001,VSKGEELFTGVVPILVELDGDVNGHKFSVSGEGEGDATYGKLTLKFICTTGKLPVPWPTLVTTLTYGVQCFARYPDHMKQHDFFKSAMPEGYVQERTIFFKDDGNYKTRAEVKFEGDTLVNRIELKGIDFKEDGNILGHKLEYNYNSHNVYITADKQKNGIKANFKIRHNIEDGGVQLADHYQQNTPIGDGPVLLPDNHYLSTQSKLSKDPNEKRDHMVLLQFVTAAGITLGMDELYK,0M-0MsubV+63F-63FsubL+64S-64SsubT+71S-71SsubA+152M-152MsubT+162V-162VsubA+174S-174SsubG+205A-205AsubK+221E-221EsubQ+230H-230HsubL,F08,SGFP2(E222Q)_002,VSKGEWLFTGVVPILVELDGDSNGHKFSVSGEGEGDATYGKLTLKFICTTGKLPVPWPTLVTTLSYGVQCFARYPDHMKQHDFFKSAMPEGYVQERTIFFKDDGNYKTRAEVKFEGDTLVNRIELKGIDFKEDGNILGHKLEYNYNSHNVYITADKQKNGIKANFKIRHNIEDGGVQLADHYQQNTPIGDGPVLLPDNHYLSTQSKLSKDPNEKRDHMVLLQFVTAAGITLGMDELYK,5E-5EsubW+21V-21VsubS+64T-64TsubS,1.4938236,15.496323,85.89522,ucb_0.1,Stokes Shift,SGFP2(E222Q),496,512,0.52,34.84,
G08,SGFP2(T65G)_001,VSKGEELFTGVVPILVELDGDVNGHKFSVSGEGEGDATYGKLTLKFICTTGKLPVPWPTLVTTLGYGVQCFARYPDHMKQHDFFKSAMPEGYVQERTIFFKDDGNYKTRAEVKFEGDTLVNRIELKGIDFKEDGNILGHKLEYNYNSHNVYITADKQKNGIKANFKIRHNIEDGGVQLADHYQQNTPIGDGPVLLPDNHYLSTQSKLSKDPNEKRDHMVLLEFVTAAGITLGMDELYK,0M-0MsubV+63F-63FsubL+64S-64SsubG+71S-71SsubA+152M-152MsubT+162V-162VsubA+174S-174SsubG+205A-205AsubK+230H-230HsubL,H08,SGFP2(T65G)_002,VSKGEELFTGVVPILVELDGDVNGHKFSVSGEGEGDATYGKLTLKFICTTGKLSPVPWPTLVTTLSYGVQCFARYPDHMKQHDFFKSAMPEGYVQERTIFFKDDGNYKTRAEVKFEGDTLVNRIELKGIDFKEDGNILGHKLEYNYNSHNVYITADKQKNGIKANFKIRHNIEDGGVQLADHYQQNTPIGDGPVLLPDNHYLSTQSKLSKDPNEKRDHMVYLLEFVTAAGITLGMDELYK,53P-53PsubSP+64G-64GsubS+219L-219LsubYL,1.4800297,15.61455,85.56264,ucb_0.1,Stokes Shift,SGFP2(T65G),501,512,0.35,31.5,
A09,SYFP2_001,VSKGEELFTGVVPILVELDGDVNGHKFSVSGEGEGDATYGKLTLKLICTTGKLPVPWPTLVTTLGYGVQCFARYPDHMKQHDFFKSAMPEGYVQERTIFFKDDGNYKTRAEVKFEGDTLVNRIELKGIDFKEDGNILGHKLEYNYNSHNVYITADKQKNGIKANFKIRHNIEDGGVQLADHYQQNTPIGDGPVLLPDNHYLSYQSKLSKDPNEKRDHMVLLEFVTAAGITLGMDELYK,0M-0MsubV+45F-45FsubL+63F-63FsubL+64S-64SsubG+71S-71SsubA+152M-152MsubT+162V-162VsubA+174S-174SsubG+202T-202TsubY+205A-205AsubK+230H-230HsubL,B09,SYFP2_002,VSKGEELFTGVVPILVELDGDVNGHKFSVSGEGEGDATYGKLTLKLICTTGKLPVPWPTLVTTLSYGVQCFARYPDHSKQHDFFKSAMPEGYVQERTIFFKDDGNYKTRAEVKFEGDTLVNRIELKGIDFKEDGNILGHKLEYNYNSHNVYITADKQKNGIKANFKIRHNIEDGGVQLADHYQQNTPIGDGPVLLPDNHYLSYISKLSKDPNEKRDHMVLLEFVTAAGITLGMDELYK,64G-64GsubS+77M-77MsubS+203Q-203QsubI,1.4820668,14.846407,85.515,ucb_0.1,Stokes Shift,SYFP2,515,527,0.68,68.68,mVenus NB
C09,T-Sapphire_001,VSKGEELFTGVVPILVELDGDVNGHKFSVSGEGEGDATYGKLTLKFICTTGKLPVPWPTLVTTFSYGVMVFARYPDHMKQHDFFKSAMPEGYVQERTIFFKDDGNYKTRAEVKFEGDTLVNRIELKGIDFKEDGNILGHKLEYNFNSHNVYIMADKQKNGIKANFKIRHNIEDGGVQLADHYQQNTPIGDGPVLLPDNHYLSIQSALSKDPNEKRDHMVLLEFVTAAGITLGMDELYK,0M-0MsubV+68Q-68QsubM+69C-69CsubV+71S-71SsubA+144Y-144YsubF+162V-162VsubA+174S-174SsubG+202T-202TsubI+230H-230HsubL,D09,T-Sapphire_002,VSKGEELFTGVVPILVELDGDVNGHKFSVSGEGEGDATYGKLTLKFICTTGKLPVPWPTLVTTFSYGVMVFARYPDHMKQHDFFKSAMPEGYVQERTIFFKDDGNYKTRAEVKFEGDTLVNRIELKGIDFKEDGNILGHKLEYNFNSHNVYIMADKQKNGIKANFKIRHNIEDGGVQLADHYQQNTPIGDGPVLLPDNHYLSIQSALSKDPNSKRDHMVLLEFVSTASAGITLGMDELYK,212E-212EsubS+224T-224TsubST+226A-226AsubSA,2.286642,98.33661,109.28223,ucb_0.1,Stokes Shift,T-Sapphire,399,511,0.6,26.4,
,,,,E09,T-Sapphire_003,VSKGEELFTGVVPILVELDGDVNGHKFSVSGEGEGDATYGKLTLKFICTTGKLPVPWPTLVTTFSYGVMPFARYPDHMKQHDFFKSAMPEGYVQERTIFFKDDGNYKTRAEVKFEGDTLVNRIELKGIDFKEDGNILGHKLEYNFNSHNVYIMADKQKNGIKANFKIRHNIEDGGVQLADHYQQNTPIGDGPVLLPDNHYLSIQSALSKDPNEKRDHMVLLEFVTAAGITLGMDELYK,69V-69VsubP,1.7836348,98.33661,94.56675,control,Stokes Shift,T-Sapphire,399,511,0.6,26.4,
F09,TagGFP_001,SGGEELFAGVVPILVELDGDVNGHKFSVSGEGEGDATYGKLTLKFICTTGKLPVPWPTLVTTLCYGVQCFSRYPDHMKQHDFFKSAMPEGYVQERTILFKDDGNYKTRAEVKFEGDTLVNRIELKGKDFKEDGNILGHKLEYSYNSHNVYIMADKQKNGIEVNFKTRHNIEDGSVQLADHYQQNTPIGDGPVLLPDNHYLSTQSALSKDPNEARDHMVLLELSTAACITHGMDELYR,0M-0Mdel+2K-2KsubG+8T-8TsubA+63F-63FsubL+64S-64SsubC+98F-98FsubL+127I-127IsubK+143N-143NsubS+161K-161KsubE+166I-166IsubT+213K-213KsubA+222F-222FsubL+223V-223VsubS+227G-227GsubC+237K-237KsubR,G09,TagGFP_002,SGGEELFAGVVPILVELDGDVNGHKFSVSGEGEGDATYDKLTLKFICTTGKLPVPWPTLVTTLSYGVMCFSRYPDHMKQHDFFKSAMPEGYVQERTILFKDDGNYKTRAEVKFEGDTLVNRIELKGKDFKEDGNILGHKLEYSYNSHNVYIMADKQKNGIEVNFKTRHNIEDGSVQLADHYQQNTPIGDGPVLLPDNHYLSTQSALSKDPNEARDHMVLLELSTAACITHGMDELYR,38G-38GsubD+63C-63CsubS+67Q-67QsubM,1.7174486,28.918034,92.5114,ucb_0.1,Stokes Shift,TagGFP,482,505,0.6,33,
H09,Topaz_001,SKGEELFTGVVPILVELDGDVNGHKFSVSGEGEGDATYGKLTLKFICTTGKLPVPWPTLVTTFGYGVQCFARYPDHMRRHDFFKSAMPEGYVQERTIFFKDDGNYKTRAEVKFEGDTLVNRIELKGIDFKEDGNILGHKLEYNYNSHNVYIMADKQKNGIKVNFKIRHNIEDGSVQLADHYQQNTPIGDGPVLLPDNHYLSYQSALSKDPNEKRDHMVLLEFVTAAGITLGMDELYK,0M-0Mdel+64S-64SsubG+71S-71SsubA+78K-78KsubR+79Q-79QsubR+202T-202TsubY+230H-230HsubL,A10,Topaz_002,SKGTELFTGVVPILVELDGDVNGHKFSVSGEGEGDATYGKLTLKFICTTGKLPVPWPTLVTTFSYGVTCFARYPDHMRRHDFFKSAMPEGYVQERTIFFKDDGNYKTRAEVKFEGDTLVNRIELKGIDFKEDGNILGHKLEYNYNSHNVYIMADKQKNGIKVNFKIRHNIEDGSVQLADHYQQNTPIGDGPVLLPDNHYLSYQSALSKDPNEKRDHMVLLEFVTAAGITLGMDELYK,3E-3EsubT+63G-63GsubS+67Q-67QsubT,1.61188,15.906347,89.36277,ucb_0.1,Stokes Shift,Topaz,514,527,0.6,56.7,
,,,,B10,Topaz_003,SKGEELFTGVVPILVELDGDVNGHKFSVSGEGEGDATYGKLTLKFICTTGKLPVPWPTLVTTFGYGVQCFARYPDHMRRHDFFKSAMPEGYVQERTIFFKDDGNYKTRAEVKFEGDTLVNRIELKDIDFKEDGNILGHKLEYNYNSHNVYIMADKQKNGIKVNFKIRHNIEDGSVQLADHYQQNTPIGDGPVLLPDNHYLSYQSLSKDPNEKRDHMVLLEFVTAAGITLGMDELYK,125G-125GsubD+204A-204Adel,-0.7954382,15.906347,15.582071,control,Stokes Shift,Topaz,514,527,0.6,56.7,
C10,Turquoise-GL_001,VSKGEELFTGVVPILVELDGDVNGHKFSVSGEGEGDATYGKLTLKFICTTGKLPVPWPTLVTTLSWGVQCFARYPDHMKQHDFFKSAMPEGYVQERTIFFKDDGNYKTRAEVKFEGDTLVNRIELKGIDFKEDGNILGHKLEYNYISGNVYITADKQKNGIKANFKIRHNIEDGGVQLADHYQQNTPIGDGPVLLPDNHYLSTQSALSKDPNEKRDHMVLLEFLTAAGITLGMDELYK,0M-0MsubV+63F-63FsubL+65Y-65YsubW+71S-71SsubA+145N-145NsubI+147H-147HsubG+152M-152MsubT+162V-162VsubA+174S-174SsubG+223V-223VsubL+230H-230HsubL,D10,Turquoise-GL_002,VSKGEELFTGVVPILVELDGDVNGHKFSVSGEGEGDATYGKLTLKFICTTGKLPVPWPTLVTTLSYGVQCFARYPDHMKQHDFFKSAMPEGYVQERTIFFKDDGNYKTRAEVKFEGDTLVNRIELKGIDFKEDGNILGHKLEYNYISGNVYITADKQKNGIKANFKIRHNIPDGGVQLADHYQQNTPIGDGPVLLPDNHYLSTIQSALSKDPNEKRDHMVLLEFLTAAGITLGMDELYK,65W-65WsubY+171E-171EsubP+203Q-203QsubIQ,1.646239,56.55759,90.50105,ucb_0.1,Stokes Shift,Turquoise-GL,434,474,0.82,24.6,
E10,usGFP_001,SKGEELFTGVVPILVELDGDVNGHKFSVRGEGEGDATNGKLTLKFICTTGKLPVPWPTLVTTLTYGVLCFSRYPDHMKRHDFFKSAMPEGYVQERTISFKDDGTYKTRAEVKFEGDTLVNRIELKGIDFKEDGNILGHKLEYNFNSHNVYITADKQKNGIKAYFKIRHNVEDGSVQLADHYQQNTPIGDGPVLLPDNHYLSTQSVLSKDPNEKRDHMVLLEFVTAAGITHGMDELYK,0M-0Mdel+29S-29SsubR+38Y-38YsubN+63F-63FsubL+64S-64SsubT+68Q-68QsubL+79Q-79QsubR+98F-98FsubS+104N-104NsubT+144Y-144YsubF+152M-152MsubT+162V-162VsubA+163N-163NsubY+170I-170IsubV+205A-205AsubV,F10,usGFP_002,SKGEELFTGVVPILVELDGDVNGHKFSVRGEGEGDATNGKLTLKFICTTGKLPVPWPTLVTTLSYGVLCFSRYPDHMKRHDFFKSAMPEGYVQERTISFKDDGTYKTRAEVKFEGDTLVNRIELKGIDFKEDGNILGHKLEYNFNSHNVYITADKQKNGIKAYFKIRHQVEDGSVQLADHYQQNTPIGDGPVLLPDNHYLSTQSVLSKDPNEKRDHMVLLEFVTAAGITHSMDELYK,63T-63TsubS+168N-168NsubQ+230G-230GsubS,1.5542985,19.02889,87.616264,ucb_0.1,Stokes Shift,usGFP,490,508,0.45,46.35,ultra-stable GFP
,,,,G10,usGFP_003,SKGEELFTGVVPILVELDGDVNGHKFSVRGEGEGDATNGKLTLKFICTTGKLPVPWPTLVTTLTYYVLCFSRYPDHMKRHDFFKSAMPEGYVQERTISLKDDGTYKMRAEVKFEGDTLVNRIELKGIDFKEDGNILGHKLEYNFNSHNVYITADKQKNGIKAYFKIRHNVEDGSVQLADHYQQNTPIGDGPVLLPDNHYLSTQSVLSKDPNEKRDHMVLLEFVTAAGITHGMDELYK,65G-65GsubY+98F-98FsubL+106T-106TsubM,-0.57758963,19.02889,22.022518,control,Stokes Shift,usGFP,490,508,0.45,46.35,ultra-stable GFP
H10,Venus_001,VSKGEELFTGVVPILVELDGDVNGHKFSVSGEGEGDATYGKLTLKLICTTGKLPVPWPTLVTTLGYGLQCFARYPDHMKQHDFFKSAMPEGYVQERTIFFKDDGNYKTRAEVKFEGDTLVNRIELKGIDFKEDGNILGHKLEYNYNSHNVYITADKQKNGIKANFKIRHNIEDGGVQLADHYQQNTPIGDGPVLLPDNHYLSYQSALSKDPNEKRDHMVLLEFVTAAGITLGMDELYK,0M-0MsubV+45F-45FsubL+63F-63FsubL+64S-64SsubG+67V-67VsubL+71S-71SsubA+152M-152MsubT+162V-162VsubA+174S-174SsubG+202T-202TsubY+230H-230HsubL,A11,Venus_002,VSKGEELFTGVVPILVELDGDVNGHKFSVSGEGEGDATYGKLTLKLICTTGKLPVPWPTLVTTLSYGLQCFARYPDHMKQHDFFKSAMPEGYVQERTIFFKDDGNYKERAEVKFEGDTLVNRIELKGIDFKEDGNILGHKLEYNYNSHNVYITADKQKNGIKANFKIRHNIEDGGVQLADHYQQNTPIGDGPVLLPDNHYLSYGQSALSKDPNEKRDHMVLLEFVTAAGITLGMDELYK,64G-64GsubS+107T-107TsubE+203Q-203QsubGQ,1.3635628,12.179129,81.65169,ucb_0.1,Stokes Shift,Venus,515,528,0.57,52.55,SEYFP-F46L
B11,WasCFP_001,VSKGEELFTGVVPILVELDGDVNGHKFSVSGEGEGDATYGKLTLKFICTTGKLPVPWPTLKTTLTWGVQCFARYPDHMKQHDFFKSAMPEGYVQERTIFFKDDGNYKTRAEVKFEGDTLVNRIELKGIDFKEDGNILGHKLEYNAISGNVNITADKQKNGIKANFKIRHNIEDGSVQLADHYQQNTPIGDGPVLLPDNHYLSTQSKQSKDPNEKRDHMVLLEFVTAAGITLGMDELYK,0M-0MsubV+60V-60VsubK+63F-63FsubL+64S-64SsubT+65Y-65YsubW+71S-71SsubA+144Y-144YsubA+145N-145NsubI+147H-147HsubG+150Y-150YsubN+152M-152MsubT+162V-162VsubA+205A-205AsubK+206L-206LsubQ+230H-230HsubL,C11,WasCFP_002,VSKGEELFTGVVILVELDGDVNGHKFSVSGEGEGDATYGKLTLKFICTTGKLPVPWPTLKTTLTWGVQCFARYPDHGKQHDFFKSAMPEGYVQERTIFFKDDGNKYKTRAEVKFEGDTLVNRIELKGIDFKEDGNILGHKLEYNAISGNVNITADKQKNGIKANFKIRHNIEDGSVQLADHYQQNTPIGDGPVLLPDNHYLSTQSKQSKDPNEKRDHMVLLEFVTAAGITLGMDELYK,12P-12Pdel+77M-77MsubG+105Y-105YsubKY,-0.1990154,33.63477,33.704117,control,Stokes Shift,WasCFP,494,505,0.85,43.35,W in anionic state CFP
D11,YPet_001,VSKGEELFTGVVPILVELDGDVNGHKFSVSGEGEGDATYGKLTLKLLCTTGKLPVPWPTLVTTLGYGVQCFARYPDHMKQHDFFKSAMPEGYVQERTIFFKDDGNYKTRAEVKFEGDTLVNRIELKGIDFKEDGNILGHKLEYNYNSHNVYITADKQKNGIKANFKIRHNIEDGGVQLADHYQQNTPIGDGPVLLPDNHYLSYQSALFKDPNEKRDHMVLLEFLTAAGITEGMNELYK,0M-0MsubV+45F-45FsubL+46I-46IsubL+63F-63FsubL+64S-64SsubG+71S-71SsubA+152M-152MsubT+162V-162VsubA+174S-174SsubG+202T-202TsubY+207S-207SsubF+223V-223VsubL+230H-230HsubE+233D-233DsubN,E11,YPet_002,VSKGEELFTGVVPILVELDGDVNGHKFSVSGEGEGDATYGKLTLKLLCTTGKLPVPWPTLVTTLSYGVICFARYPDHMKQHDFFKSAMPEGYVQERTIFFKDDGNYKTRAEVKFEGDTLVNRIELKGIDFKEDGNILGHKLEYNYNSHNVYITADKQKNGIKANFKIRHNIEDGGVQLADAYQQNTPIGDGPVLLPDNHYLSYQSALFKDPNEKRDHMVLLEFLTAAGITEGMNELYK,64G-64GsubS+68Q-68QsubI+180H-180HsubA,1.632483,14.314812,89.841965,ucb_0.1,Stokes Shift,YPet,517,530,0.77,80.08,
C01,avGFP,MSKGEELFTGVVPILVELDGDVNGHKFSVSGEGEGDATYGKLTLKFICTTGKLPVPWPTLVTTFSYGVQCFSRYPDHMKQHDFFKSAMPEGYVQERTIFFKDDGNYKTRAEVKFEGDTLVNRIELKGIDFKEDGNILGHKLEYNYNSHNVYIMADKQKNGIKVNFKIRHNIEDGSVQLADHYQQNTPIGDGPVLLPDNHYLSTQSALSKDPNEKRDHMVLLEFVTAAGITHGMDELYK,,D01,avGFP_002,SEGEELFTGVVPILVELDGDVNGHKFSVSGEGEGDATYGKLALKFICTTGKLPVPWPTLVTTLSYGVQCFSRYPDHMKQHDFFKSAMPEGYVQERTIFFKDDGNYKTRAEVKFEGDTLVNRIELKGIDFKEDGNILGHKLEYNYNSHNVYIMADKQKNGIKVYFKIRHNIEDGSVQLADHYQQNTPIGDGPVLLPDNHYLSTQSALSKDPNEKRDHMVLLEFVTAAGITHGMDELYK,,1.5305736,86.42746,86.435585,localfl,Stokes Shift,,,,,,
,,,,E01,avGFP_003,SKGEELFTGVVPILVELDGDVNGHEFSVSGEGEGDATYGKLTLKFICTTGKLPVPWPTLVTTLSYGVQCFSRYPDHMKQHDFFKSAMPEGYVQERTIFFKDDGNYKTRAEVKFEGDTLVNRIELKGIDFKEDGNILGHKLEYNYNSHNVYIMADKQKNGIKVNFKIRHNIEDGSVQLADHYQQSTPIGDGPVLLPGNHYLSTQSALSKDPNEKRDHMVLLEFVTAAGITHGMDELYK,,1.5291293,86.34836,86.35648,localfl,Stokes Shift,,,,,,
,,,,F01,avGFP_004,SKGEELFTGVVPILVELDGDVNGHKFSVSGEGEGDATCGKLTLKFICTTGKLPVPWPTLVTTLSYGVQCFSRYPDHMKQHDYFKSAMPKGYVQERTIFFKDDGNYKTRAEVKFEGDTLVNRIELKGIDFKEDGNILGHKLEYNYNSHNVYIVADKQKNGIKVNFKIRHNIEDGSVQLADHYQQNTPIGDGPVLLPDNHYLSTQSALSRDPNEKRDHMVLQEFVTAAGITHGMDELYK,,1.5300255,86.35464,86.36346,localfl,Stokes Shift,,,,,,
,,,,G01,avGFP_005,SKGEELFTGVVPILVELDGDVNGHKFSVSGEGEGDATYGKLSLKFICTTGKLPVPWPTLVTTLSYGVQCFSRYPDHMKQHDFFKSAMPEGYVQERTIFFKDDGNYKTRAEVKFEGDTLVNRIELKGIDFKEDGNILGHKLEYNYNSHNAYIVADKQKNGIKVNFKIRHNIEDGSVQLADHYQQNTPIGDGPVLLPDYHYLSTQSALSKDPNEKRDHMVLLEFVTAAGITHGMDELYK,,1.5147012,85.8837,85.891846,localfl,Stokes Shift,,,,,,
,,,,H01,avGFP_006,SKGEELFTGVVPILVELDGDVNGHKFSVSGEGEGDATYGKLTLKFICTTGKLPVPWPTLVTTLSYGVQCFSRYPDHMKQHDFFKSAMPEGYVQERTIFFKDDGNYKTRAEVKFEGDTLVNHIELKGIDFKEDGNILGHKLEYNYNSHNVYIMADKQKNGIKVNFRIRHNIEDGSVQLADHYQQNTPIGDGPVLLPDNHYLSTQSALSKDPNEKRDHMVLLEFVTAAGITHGMNELYK,,1.5074551,85.79394,85.80141,localfl,Stokes Shift,,,,,,
,,,,A02,avGFP_007,SKGEELFTGVVPILVELDGDVNGHKFSVSGEGEGDATYGKLTLKFICTTGKLPVPWPTLVTTLSYGVQCFSRYPDHMKQHDFFKSAMPEGYVQERTIFFKDDGNYKTRAEVKFEGDTLVNRIELKGIDFKEDGNILGHKLEYNYNSHNAYIMADKQKNGIKVNFKIRHNIEDGSVQHADHYQQNTPIGDGPVLLPDNHYLSTQSALSKDPNEKRDHMVLLEFVTAAGITHGMDELYK,,1.5401092,86.69214,86.70026,localfl,Stokes Shift,,,,,,
,,,,B02,avGFP_008,SKGEELFTGVVPILVELDGDVNGHKFSVSGEGEGDATYGKLTLKFICTTGKLPVPWPTLVTTLSYGVQCFSRYPDHMKQHDFFKSAMPEGYVQERTIFFKDDGNYKTRAEVKFEGDTLVNRIELKGIDFKEDGNILGHKLEYNYNSHNVYIMADKQKNGIKVNFKIRHNIEDGSVQLADHYQQDTPIGDGPVLLPVNHYLSTQSALSKDPNERRDHMVLLEFVTAAGITHGMDELYK,,1.5356191,86.555885,86.564415,localfl,Stokes Shift,,,,,,
,,,,C02,avGFP_009,SKGEELFTGVVPILVELDGDVNGHKFSVSGEGEGDATYGKLTLKFICTTGKLPVPWPTLVTTLSYGVQCFSRYPDHMKQHDFFKSAMPEGYVQERTIFFKDDGNYKTRAEVKFEGDTLVNRIELRGIDFKEDGNILGHKLEYNYNSHNVYIMADKQKNGIKVNFKIRHNIEGGSVQLADHYQQNSPIGDGPVLLPDNHYLSTQSALSKDPNEKRDHMVLLEFVTAAGITHGMDELYK,,1.5371473,86.61404,86.62216,localfl,Stokes Shift,,,,,,
,,,,D02,avGFP_010,SKGEELFTGVVPILVELDGDVNGHKFSVSGEGEGDATYGKLTLKFICTTGKLPVPWPTLVTTLSYGVQCFSRYPDHMKQHDFFKSAMPEGYVQERTIFFKDDGNYKTRAEVKFEGNTLVNRIELKGIDFKEDGNILGHKLEYNYNSHNVYIMADKQKSGIKVNFKIRHNIEDGSVQLADHYQQNTPLGDGPVLLPDNHYLSTQSTLSKDPNEKRDHMVLLELVTAAGITHGMDELYK,,1.4982153,85.4188,85.43516,localfl,Stokes Shift,,,,,,
,,,,E02,avGFP_011,SKGEELFTGVVPILVELDGDVNGHKFSVSGEGEGDATYGKLTLKFICTTGKLPVPWPTLVTTLSYGVQCFSRYPDHMKQHDFFKSAMPEGYVQERTIFFKDDGNYRTRAEVGFEGDTLVNRIELKGIDFKEDGNILGHKLEYNYNSHNVYIMADKQKNGIKVNFKIHHNIEDGSVQLADHYQQNTPIGDGPVLLPDNHYLSTQSALSKDPNEKRDHMVLLEFVTAAGITHGMDEQYK,,1.5270457,86.39202,86.40479,localfl,Stokes Shift,,,,,,