Name,Ex max (nm),Em max (nm),Stokes Shift (nm),Extinction Coefficient,Quantum Yield,Brightness,pKa,Oligomerization,Maturation (min),Lifetime (ns),Molecular Weight (kDa),Switch Type,Aliases,fpbase_seq,num_mutations,pdb_id,pdb_resolution,crystal_pH,longest_chain,foldx_seq,foldx_total_energy,SASA
AdRed,567.0,612.0,45.0,-,,,4.0,t,,,26.06,b,,MALSKHGLTKDMTMKYRMEGCVDGHKFVITGHGNGSPFEGKQTINLCVVEGGPLPFSEDILSAVFDYGNRVFTDYPQGMVDFFKNSCPAGYTWQRSLLFEDGAVCTASADITVSVEENCFYHESKFHGVNFPADGPVMKKMTINWEPCCEKIIPVPRQGILKGDVAMYLLLKDGGRYRCQFDTVYKAKTDSKKMPEWHFIQHKLTREDRSDAKNQKWQLAEHSVASRSALP,179,6AA7,1.8,7.0,A,LSKHGLTKDMTMKYRMEGCVDGHKFVITGHGNGSPFEGKQTINLCVVEGGPLPFSEDILSAVFNRVFTDYPQGMVDFFKNSCPAGYTWQRSLLFEDGAVCTASADITVSVEENCFYHESKFHGVNFPADGPVMKKMTINWEPCCEKIIPVPRQGILKGDVAMYLLLKDGGRYRCQFDTVYKAKTDSKKMPEWHFIQHKLTREDRSDAKNQKWQLAEHSVASRSALA,-39.8155,11189.00587945787
DrCBD,416.0,622.0,206.0,-,,,,m,,,34.74,b,chromophore binding domain,MSRDPLPFFPPLYLGGPEITTENCEREPIHIPGSIQPHGALLTADGHSGEVLQMSLNAATFLGQEPTVLRGQTLAALLPEQWPALQAALPPGCPDALQYRATLDWPAAGHLSLTVHRVGELLILEFEPTEAWDSTGPHALRNAMFALESAPNLRALAEVATQTVRELTGFDRVMLYKFAPDATGEVIAEARREGLHAFLGHRFPASDIPAQARALYTRHLLRLTADTRAAAVPLDPVLNPQTNAPTPLGGAVLRATSPMHMQYLRNMGVGSSLSVSVVVGGQLWGLIACHHQTPYVLPPDLRTTLEYLGRLLSLQVQVKEA,253,1ztu,2.5,7.0,A,PLPFFPPLYLGGPEITTENCEREPIHIPGSIQPHGALLTADGHSGEVLQMSLNAATFLGQEPTVLRGQTLAALLPEQWPALQAALPPGCPDALQYRATLDWPGHLSLTVHRVGELLILEFEPTEPHALRNAMFALESAPNLRALAEVATQTVRELTGFDRVMLYKFAPDATGEVIAEARREGLHAFLGHRFPASDIPAQARALYTRHLLRLTADTRAAAVPLDPVLNTQTNAPTPLGGAVLRATSPMHMQYLRNMGVGSSLSVSVVVGGQLWGLIACHHQTPYVLPPDLRTTLEYLGRLLSLQVQVKEAHHHH,15.2839,14996.217369270882
DsRed,558.0,583.0,25.0,72500,0.68,49.3,,t,1600.0,,25.93,b,"drFP583, discRFP, RFP, DsRed1",MRSSKNVIKEFMRFKVRMEGTVNGHEFEIEGEGEGRPYEGHNTVKLKVTKGGPLPFAWDILSPQFQYGSKVYVKHPADIPDYKKLSFPEGFKWERVMNFEDGGVVTVTQDSSLQDGCFIYKVKFIGVNFPSDGPVMQKKTMGWEASTERLYPRDGVLKGEIHKALKLKDGGHYLVEFKSIYMAKKPVQLPGYYYVDSKLDITSHNEDYTIVEQYERTEGRHHLFL,177,1ZGO,1.4,7.0,A,NVIKEFMRFKVRMEGTVNGHEFEIEGEGEGRPYEGHNTVKLKVTKGGPLPFAWDILSPQFSKVYVKHPADIPDYKKLSFPEGFKWERVMNFEDGGVVTVTQDSSLQDGCFIYKVKFIGVNFPSDGPVMQKKTMGWEASTERLYPRDGVLKGEIHKALKLKDGGHYLVEFKSIYMAKKPVQLPGYYYVDSKLDITSHNEDYTIVEQYERTEGRHHLFL,-42.7597,10620.198764571534
DsRed-Max,560.0,589.0,29.0,48000,0.41,19.68,,t,72.0,,25.74,b,,MDSTENVIKPFMRFKVHMEGSVNGHEFEIEGEGEGKPYEGTQTAKLQVTKGGPLPFAWDILSPQFMYGSKVYTKHPADIPDYKKLSFPEGFKWERVMNFEDGGVVTVTQDSSLQDGTFIYHVKFIGVNFPSDGPVMQKKTLGWEPSTERLYPRDGVLKGEIHKALKLKGGGHYLCEFKSIYMAKKPVKLPGYYYVDSKLDITSHNEDYTVVEQYERTEARHHLFQ,176,2V4E,2.4,7.0,B,NVIKPFMRFKVHMEGSVNGHEFEIEGEGEGKPYEGTQTAKLQVTKGGPLPFAWDILSPQFSKVYTKHPADIPDYKKLSFPEGFKWERVMNFEDGGVVTVTQDSSLQDGVFIYHVKFIGVNFPSDGPVMQKKTLGWEPSTERLYPRDGVLKGEIHKALKLKGGGHYLCEFKSIYMAKKPVKLPGYYYVDSKLDITSHNEDYTVVEQYERTEARHHLFL,-26.73,10688.863449360433
DsRed.M1,557.0,592.0,35.0,-,,,,m,,,25.43,b,,MDNTEDVIKEFMQFKVRMEGSVNGHYFEIEGEGEGKPYEGTQTAKLQVTKGGPLPFAWDILSPQFQYGSKAYVKHPADIPDYMKLSFPEGFTWERSMNFEDGGVVEVQQDSSLQDGTFIYKVKFKGVNFPADGPVMQKKTAGWEPSTEKLYPQDGVLKGEISHALKLKDGGHYTCDFKTVYKAKKPVQLPGNHYVDSKLDITNHNEDYTVVEQYEHAEARHSGSQ,173,2VAD,1.59,7.0,A,TEDVIKEFMQFKVRMEGSVNGHYFEIEGEGEGKPYEGTQTAKLQVTKGGPLPFAWDILSPQFSKAYVKHPADIPDYMKLSFPEGFTWERSMNFEDGGVVEVQQDSSLQDGTFIYKVKFKGVNFPADGPVMQKKTAGWEPSTEKLYPQDGVLKGEISHALKLKDGGHYTCDFKTVYKAKKPVQLPGNHYVDSKLDITNHNEDYTVVEQYEHAEARHSG,-71.4708,10376.84011514752
DsRed.T4,555.0,586.0,31.0,30300,0.44,13.33,,t,42.6,,25.78,b,,MASSEDVIKEFMRFKVRMEGSVNGHEFEIEGEGEGRPYEGTQTAKLKVTKGGPLPFAWDILSPQFQYGSKVYVKHPADIPDYKKLSFPEGFKWERVMNFEDGGVVTVTQDSSLQDGCFIYKVKFIGVNFPSDGPVMQKKTMGWEPSTERLYPRDGVLKGEIHKALKLKDGGHYLVEFKSIYMAKKPVQLPGYYYVDSKLDITSHNEDYTIVEQYERAEGRHHLFL,176,2VAE,1.64,7.0,A,VIKEFMRFKVRMEGSVNGHEFEIEGEGEGRPYEGTQTAKLKVTKGGPLPFAWDILSPQFSKVYVKHPADIPDYKKLSFPEGFKWERVMNFEDGGVVTVTQDSSLQDGCFIYKVKFIGVNFPSDGPVMQKKTMGWEPSTERLYPRDGVLKGEIHKALKLKDGGHYLVEFKSIYMAKKPVQLPGYYYVDSKLDITSHNEDYTIVEQYERAEGRHHLFL,-55.6143,10820.911361864575
HcRed,592.0,645.0,53.0,20000,0.015,0.3,,t,,,25.64,b,,MAGLLKESMRIKMYMEGTVNGHYFKCEGEGDGNPFAGTQSMRIHVTEGAPLPFAFDILAPCCEYGSRTFVHHTAEIPDFFKQSFPEGFTWERTTTYEDGGILTAHQDTSLEGNCLIYKVKVHGTNFPADGPVMKNKSGGWEPSTEVVYPENGVLCGRNVMALKVGDRHLICHHYTSYRSKKAVRALTMPGFHFTDIRLQMLRKKKDEYFELYEASVARYSDLPEKAN,180,1YZW,2.1,7.0,A,GLLKESMRIKMYMEGTVNGHYFKCEGEGDGNPFAGTQSMRIHVTEGAPLPFAFDILAPCCSRTFVHHTAEIPDFFKQSFPEGFTWERTTTYEDGGILTAHQDTSLEGNCLIYKVKVHGTNFPADGPVMKNKSGGWEPSTEVVYPENGVLCGRNVMALKVGDRHLICHHYTSYRSKKAVRALTMPGFHFTDIRLQMLRKKKDEYFELYEASVARYSDLPEK,-21.6813,10652.483894396457
HcRed7,592.0,645.0,53.0,75000,0.08,6.0,,d,,,25.66,b,,MAGLLKESMRIKMYMEGTVNGHYFKCEGEGDGNPFAGTQSMRIHVTEGAPLPFAFDILAPCCEYGSKTFVHHTAEIPDFFKQSFPEGFTWERTTTYEDGGILTAHQDTSLEGNCLIYKVKVHGTNFPADGPVMKNKSGGWEPSTEVVYPENGVLCGRNVMALKVGDRHLICHHYTSYRSKKAVRALTMPGFHFTDYRLQMLRKKKDEYFELYEASVARYSDLPEKAN,180,6DEJ,1.6279,7.0,A,AGLLKESMRIKMYMEGTVNGHYFKCEGEGDGNPFAGTQSMRIHVTEGAPLPFAFDILAPCCSKTFVHHTAEIPDFFKQSFPEGFTWERTTTYEDGGILTAHQDTSLEGNCLIYKVKVHGTNFPADGPVMKNKSGGWEPSTEVVYPENGVLCGRNVMALKVGDRHLICHHYTSYRSKKAVRALTMPGFHFTDYRLQMLRKKKDEYFELYEASVARYSDLPEKAN,-15.5598,11192.017485573826
IrisFP (Orange),551.0,580.0,29.0,35400,0.47,16.64,,t,,,25.69,mp,,MSAIKPDMKINLRMEGNVNGHHFVIDGDGTGKPFEGKQSMDLEVKEGGPLPFAFDILTTAFHYGNRVFAEYPDHIQDYFKQSFPKGYSWERSLTFEDGGICIARNDITMEGDTFYNKVRFHGVNFPANGPVMQKKTLKWEPSTEKMYVRDGVLTGDITMALLLEGNAHYRCDSRTTYKAKEKGVKLPGYHLVDHCIEILSHDKDYNKVKLYEHAVAHSGLPDNARR,173,2VVH,1.8,7.0,C,HHMSAIKPDMKINLRMEGNVNGHHFVIDGDGTGKPFEGKQSMDLEVKEGGPLPFAFDILTTAFNRVFAEYPDHIQDYFKQSFPKGYSWERSLTFEDGGICIARNDITMEGDTFYNKVRFHGVNFPANGPVMQKKTLKWEPSTEKMYVRDGVLTGDITMALLLEGNAHYRCDSRTTYKAKEKGVKLPGYHLVDHCIEILSHDKDYNKVKLYEHAVAHSGLPDN,-27.9424,10900.521355458579
Katushka,588.0,635.0,47.0,65000,0.34,22.1,,d,34.0,2.1,26.01,b,TurboFP635,MSVLITENMHMKLYMEGTVNDHHFKCTSEGEGKPYEGTQTMKIKVVEGGPLPFAFDILATSFMYGSKTFINHTQGIPDFFKQSFPEGFTWERITTYEDGGVLTATQDTSLQNGCLIYNVKINGVNFPSNGPVMQKKTLGWEASTEMLYPADSGLRGHSQMALKLVGGGYLHCSLKTTYRSKKPAKNLKMPGFYFVDRRLERIKEADKETYVEQHEMAVARYCDLPSKLGHS,183,3PJ5,1.6,7.0,A,EDSELISENMHMKLYMEGTVNDHHFKCTSEGEGKPYEGTQTMKIKVVEGGPLPFAFDILATSFSKTFINHTQGIPDFFKQSFPEGFTWERITTYEDGGVLTATQDTSLQNGCLIYNVKINGVNFPSNGPVMQKKTLGWEASTEMLYPADSGLRGHSQMALKLVGGGYLHCSLKTTYRSKKPAKNLKMPGFYFVDRKLERIKEADKETYVEQHEMAVARYCDLP,-31.9418,10636.995603853218
KikGR1 (Red),583.0,593.0,10.0,35100,0.65,22.82,5.5,t,,,25.76,pc,Kikume Green-Red,MSVITSEMKIELRMEGAVNGHKFVITGKGSGQPFEGIQNVDLTVIEGGPLPFAFDILTTAFHYGNRVFVEYPEEIVDYFKQSFPEGYSWERSMSYEDGGICLATNNITMKKDGSNCFVNEIRFDGVNFPANGPVMQRKTVKWEPSTEKMYVRDGVLKGDVNMALLLQGGGHYRCDFRTTYKAKKVVQLPDYHFVDHQMEITSHDKDYNKVKLYEHAKAHSGLPRLAK,172,4P76,2.9,7.0,A,VSVITSEMKIELRMEGAVNGHKFVITGKGSGQPFEGIQNVDLTVIEGGPLPFAFDILTTAFNRVFVEYPEEIVDYFKQSFPEGYSWERSMSYEDGGICLATNNITMKKDGSNCFVNEIRFDGVNFPANGPVMQRKTVKWEPSTEKMYVRDGVLKGDVNMALLLQGGGHYRCDFRTTYKAKKVVQLPDYHFVDHSMEITSHDKDYNKVKLYEHAKAHSGLPRLA,-24.2531,11160.594798330538
KillerRed,585.0,610.0,25.0,45000,0.25,11.25,,d,,,26.4,b,,MEGGPALFQSDMTFKIFIDGEVNGQKFTIVADGSSKFPHGDFNVHAVCETGKLPMSWKPICHLIQYGEPFFARYPDGISHFAQECFPEGLSIDRTVRFENDGTMTSHHTYELDDTCVVSRITVNCDGFQPDGPIMRDQLVDILPNETHMFPHGPNAVRQLAFIGFTTADGGLMMGHFDSKMTFNGSRAIEIPGPHFVTIITKQMRDTSDKRDHVCQREVAYAHSVPRITSAIGSDED,174,3GB3,1.75,7.0,A,EGGPALFQSDMTFKIFIDGEVNGQKFTIVADGSSKFPHGDFNVHAVCETGKLPMSWKPICHLIEPFFARYPDGISHFAQECFPEGLSIDRTVRFENDGTMTSHHTYELDDTCVVSRITVNCDGFQPDGPIMRDQLVDILPNETHMFPHGPNAVRQLAFIGFTTADGGLMMGHFDSKMTFNGSRAIEIPGPHFVTIITKQMRDTSDKRDHVCQREVAYAHSVPRITSAIG,-2.43349,11227.42559725746
LSS-mKate1,463.0,624.0,161.0,31200,0.08,2.5,3.2,m,100.0,,26.21,b,,MSELIKENMHMKLYMEGTVNNHHFKCTSEGEGKPYEGTQTMRIKVVEGGPLPFAFDILATSFMYGSYTFINHTQGIPDFFKQSFPEGFTWERVTTYEDGGVLTATQDTSLQDGCLIYNVKIRGVNFTSNGPVMQKKTLGWEAGTEMLYPADGGLEGRSDEALKLVGGGHLICNLKSTYRSKKPAKNLKVPGVYYVDRRLERIKEADKETYVEQHEVAVARYCDLPSKLGHKLN,184,3NT9,1.99,7.0,A,ELIKENMHMKLYMEGTVNNHHFKCTSEGEGKPYEGTQTMRIKVVEGGPLPFAFDILATSFSYTFINHTQGIPDFFKQSFPEGFTWERVTTYEDGGVLTATQDTSLQDGCLIYNVKIRGVNFTSNGPVMQKKTLGWEAGTEMLYPADGGLEGRSDEALKLVGGGHLICNLKSTYRSKKPAKNLKVPGVYYVDRRLERIKEADKETYVEQHEVAVARYCDLPSKL,-8.37683,11052.782023768505
LSS-mKate2,460.0,605.0,145.0,26000,0.17,4.42,2.7,m,150.0,1.4,26.2,b,,MSELIKENMHMKLYMEGTVNNHHFKCTSEGEGKPYEGTQTMRIKVVEGGPLPFAFDILATSFMYGSYTFINHTQGIPDFFKQSFPEGFTWERVTTYEDGGVLTATQDTSLQDGCLIYNVKIRGVNFTSNGPVMQKKTLGWEAGTEMLYPADGGLEGRSDDALKLVGGGHLICNLKSTYRSKKPAKNLKVPGVYYVDRRLERIKEADKETYVEQHEVAVARYCDLPSKLGHKLN,184,3NT3,1.5,7.0,C,SELIKENMHMKLYMEGTVNNHHFKCTSEGEGKPYEGTQTMRIKVVEGGPLPFAFDILATSFSYTFINHTQGIPDFFKQSFPEGFTWERVTTYEDGGVLTATQDTSLQDGCLIYNVKIRGVNFTSNGPVMQKKTLGWEAGTEMLYPADGGLEGRSDDALKLVGGGHLICNLKSTYRSKKPAKNLKVPGVYYVDRRLERIKEADKETYVEQHEVAVARYCDLPSKL,-16.7079,11019.136559191835
Neptune,600.0,650.0,50.0,72000,0.18,12.96,5.8,d,35.0,,27.44,b,,MVSKGEELIKENMHMKLYMEGTVNNHHFKCTSEGEGKPYEGTQTGRIKVVEGGPLPFAFDILATCFMYGSKTFINHTQGIPDFFKQSFPEGFTWERVTTYEDGGVLTATQDTSLQDGCLIYNVKIRGVNFPSNGPVMQKKTLGWEASTEMLYPADGGLEGRCDMALKLVGGGHLICNLKTTYRSKKPAKNLKMPGVYFVDRRLERIKEADKETYVEQHEVAVARYCDLPSKLGHKLNGMDELYK,181,3IP2,1.6,7.0,A,EELIKEDMHMKLYMEGTVNNHHFKCTSEGEGKPYEGTQTGRIKVVEGGPLPFAFDILATCFSKTFINHTQGIPDFFKQSFPEGFTWERVTTYEDGGVLTATQDTSLQDGCLIYNVKIRGVNFPSNGPVMQKKTLGWEASTEMLYPADGGLEGRCDMALKLVGGGHLICNLKTTYRSKKPAKNLKMPGVYFVDRRLERIKEADNETYVEQHEVAVARYCDLPSKLGHKL,-0.645142,11232.097987480178
PSmOrange (Far-red),634.0,662.0,28.0,32700,0.28,9.16,5.6,m,,,26.79,pc,,MVSKGEENNMAIIKEFMRFKVRMEGTVNGHEFEIEGEGEGRPYEGFQTAKLKVTKGGPLPFAWDILSPLFTYGSKAYVKHPADIPDYFKLSFPEGFKWERVMNYEDGGVVTVTQDSSLQDGEFIYKVKMRGTNFPSDGPVMQKKTMGWEASSERMYPEDGALKGEIRMRLKLKDGGHYTSEVKTTYKAKKSVQLPGAYIVGIKLDITSHNEDYTIVEQYERAEGRHSTGGMDELYK,175,4Q7T,1.94,7.0,B,AIIKEFMRFKVRMEGTVNGHEFEIEGEGEGRPYEGFQTAKLKVTKGGPLPFAWDILSPLSKAYVKHPADIPDYFKLSFPEGFKWERVMNYEDGGVVTVTQDSSLQDGEFIYKVKMRGTNFPSDGPVMQKKTMGWEASSERMYPEDGALKGEIRMRLKLKDGGHYTSEVKTTYKAKKSVQLPGAYIVGIKLDITSHNEDYTIVEQYERAEGRHSTGG,-19.711,10885.430840810766
PSmOrange2 (Far-red),619.0,651.0,32.0,18900,0.38,7.18,5.4,m,,,26.73,pc,,MVSKGEENNMAIIKEFMRFKVHMEGTVNGHEFEIEGEGEGHPYEGFQTAKLKVTKGGPLPFAWDILSPLITYGSKAYVKHPADIPDYFKLSFPEGFKWERVMNYEDGGVVTVTQDSSLQDGEFIYKVKMRGTNFPSDGPVMQKKTMGWEASSERMYPEDGALKGEIRMRLKLKDGGHYTSEVKTTYKAKKSVLLPGAYIVGIKLDITSHNEDYTIVEQYERSEARHSTGGMDELYK,174,4Q7U,1.3,7.0,A,AIIKEFMRFKVHMEGTVNGHEFEIEGEGEGHPYEGFQTAKLKVTKGGPLPFAWDILSPLSKAYVKHPADIPDYFKLSFPEGFKWERVMNYEDGGVVTVTQDSSLQDGEFIYKVKMRGTNFPSDGPVMQKKTMGWEASSERMYPEDGALKGEIRMRLKLKDGGHYTSEVKTTYKAKKSVLLPGAYIVGIKLDITSHNEDYTIVEQYERSEARHSTGGM,-48.8253,10601.949051784903
RCaMP,575.0,602.0,27.0,-,0.14,,,,,,49.27,b,,MGSHHHHHHGMASMTGGQQMGRDLYDDDDKDLATMVDSSRRKWNKTGHAVRAIGRLSSAINTEMMYPADGGLRGYTHMALKVDGGGHLSCSFVTTYRSKKTVGNIKMPGIHYVSHRLERLEESDNEMFVVQREHAVAKFVGLGGGGGTGGSMNSLIKENMRMKVVLEGSVNGHQFKCTGEGEGNPYMGTQTMRIKVIEGGPLPFAFDILATSFMYGSRTFIKYPKGIPDFFKQSFPEGFTWERVTRYEDGGVITVMQDTSLEDGCLVYHAQVRGVNFPSNGAVMQKKTKGWEPTRDQLTEEQIAEFKEAFSLFDKDGDGTITTKELGTVMRSLGQNPTEAELQDMINEVDADGDGTIDFPEFLIMMARKMKDTDSEEEIREAFRVFDKDGNGYISAAELRHVMTNLGEKLTDEEVDEMIREADIDGDGQVNYEEFVQMMTAK,341,3U0K,2.1,7.0,A,MVDSSRRKWNKTGHAVRAIGRLSSAINTEMMYPADGGLRGYTHMALKVDGGGHLSCSFVTTYRSKKTVGNIKMPGIHYVSHRLERLEESDNEMFVVQREHAVAKFVGLGGGGGTGGSMNSLIKENMRMKVVLEGSVNGHQFKCTGEGEGNPYMGTQTMRIKVIEGGPLPFAFDILATSSRTFIKYPKGIPDFFKQSFPEGFTWERVTRYEDGGVITVMQDTSLEDGCLVYHAQVRGVNFPSNGAVMQKKTKGWEPTRDQLTEEQIAEFKEAFSLFDKDGDGTITTKELGTVMRSLGQNPTEAELQDMINEVDADGDGTIDFPEFLIMMARKEEEIREAFRVFDKDGNGYISAAELRHVMTNLGEKLTDEEVDEMIREADIDGDGQVNYEEFVQMMT,19.0144,18916.658216902804
RFP630,583.0,630.0,47.0,50000,0.35,17.5,,t,,,26.03,b,,MNSLIKENMRMMVVMEGSVNGYQFKCTGEGDGNPYMGTQTMRIKVVEGGPLPFAFDILATSFMYGSKTFIKHTKGIPDFFKQSFPEGFTWERVTRYEDGGVFTVMQDTSLEDGCLVYHAKVTGVNFPSNGAVMQKKTKGWEPSTEMLYPADGGLRGYSQMALNVDGGGYLSCSFETTYRSKKTVENFKMPGFHFVDHRLERLEESDKEMFVVQHEHAVAKFCDLPSKLGRL,182,3E5V,2.1,7.0,A,MNSLIKENMRMMVVEGSVNGYQFKCTGEGDGNPYMGTQTMRIKVVEGGPLPFAFDILATSFSKTFIKHTKGIPDFFKQSFPEGFTWERVTRYEDGGVFTVMQDTSLEDGCLVYHAKVRGVNFPSNGAVMQKKTKGWEPSTEMLYPADGGLRGYSQMALNVDGGGYLSCSFETTYRSKKTVENFKMPGFHFVDHRLERLEESDKEMFVVQHEHAVAKFCDLPSKLGRL,29.6978,11558.627625771045
Sandercyanin,375.0,675.0,300.0,21000,0.016,0.34,,t,,,18.62,b,,MFIKPGRCPKPAVQEDFDAARYLGVWYDIQRLPNKFQKGECATATYSLSPGVGFSVFNRERLANGTIKSVIGSAIAEDPCEPAKLQFFHENAAPVPYWVLSTDYDNYALVYSCINLGASHAAYASIVSRQPTLPEETIKKLQGTMSSFGVGVDTLLTTNQDAAYCSAMNQ,188,5EZ2,1.849,7.0,A,MFIKPGRCPKPAVQEDFDAARYLGVWYDIQRLPNKFQKGECATATYSLSPGVGFSVFNRERLANGTIKSVIGSAIAEDPCEPAKLQFFHENAAPVPYWVLSTDYDNYALVYSCINLGASHAAYASIVSRQPTLPEETIKKLQGTMSSFGVGVDTLLTTNQDAAYCSAMN,-8.77335,9306.655760888065
TagRFP,555.0,584.0,29.0,100000,0.48,48.0,3.8,wd,100.0,2.3,26.09,b,,MSELIKENMHMKLYMEGTVNNHHFKCTSEGEGKPYEGTQTMRIKVVEGGPLPFAFDILATSFMYGSRTFINHTQGIPDFFKQSFPEGFTWERVTTYEDGGVLTATQDTSLQDGCLIYNVKIRGVNFPSNGPVMQKKTLGWEANTEMLYPADGGLEGRSDMALKLVGGGHLICNFKTTYRSKKPAKNLKMPGVYYVDHRLERIKEADKETYVEQHEVAVARYCDLPSKLGHK,183,3M22,2.2,7.0,A,ELIKENMHMKLYMEGTVNNHHFKCTSEGEGKPYEGTQTMRIKVVEGGPLPFAFDILATSFSRTFINHTQGIPDFFKQSFPEGFTWERVTTYEDGGVLTATQDTSLQDGCLIYNVKIRGVNFPSNGPVMQKKTLGWEANTEMLYPADGGLEGRSDMALKLVGGGHLICNFKTTYRSKKPAKNLKMPGVYYVDHRLERIKEADKETYVEQHEVAVARYCDLPSKL,20.094,11085.721786104212
TagRFP-T,555.0,584.0,29.0,81000,0.41,33.21,4.6,m,100.0,2.3,27.58,b,,MVSKGEELIKENMHMKLYMEGTVNNHHFKCTSEGEGKPYEGTQTMRIKVVEGGPLPFAFDILATSFMYGSRTFINHTQGIPDFFKQSFPEGFTWERVTTYEDGGVLTATQDTSLQDGCLIYNVKIRGVNFPSNGPVMQKKTLGWEANTEMLYPADGGLEGRTDMALKLVGGGHLICNFKTTYRSKKPAKNLKMPGVYYVDHRLERIKEADKETYVEQHEVAVARYCDLPSKLGHKLNGMDELYK,180,5JVA,1.95,7.0,A,GEELIKENMHMKLYMEGTVNNHHFKCTSEGEGKPYEGTQTMRIKVVEGGPLPFAFDILATSFSRTFINHTQGIPDFFKQSFPEGFTWERVTTYEDGGVLTATQDTSLQDGCLIYNVKIRGVNFPSNGPVMQKKTLGWEANTEMLYPADGGLEGRTDMALKLVGGGHLICNFKTTYRSKKPAKNLKMPGVYYVDHRLERIKEADKETYVEQHEVAVARYCDLPSKL,-18.4644,10979.47307229432
TagRFP675,598.0,675.0,77.0,46000,0.08,3.68,5.7,m,25.0,0.9,26.38,b,,MSELIKENMHMKLYMEGTVNNHHFKCTSEGEGKPYEGTQTQRIKVVEGGPLPFAFDILATSFMYGSKTFINHTQGIPDFWKQSFPEGFTWERVTTYEDGGVLTATQDTSLQDGCLIYNVKIRGVNFPSNGPVMQKKTLGWEANTEMMYPADGGLEGRNYMALKLVGGGHLICSLKTTYRSKKPAKNLKMPGVYYVDRRLERIKEADKETYVEQHEVAVARYCDLPSKLGHKLN,185,4KGE,2.3,7.0,A,ELIKENMHMKLYMEGTVNNHHFKCTSEGEGKPYEGTQTQRIKVVEGGPLPFAFDILATSFSKTFINHTQGIPDFWKQSFPEGFTWERVTTYEDGGVLTATQDTSLQDGCLIYNVKIRGVNFPSNGPVMQKKTLGWEANTEMMYPADGGLEGRNYMALKLVGGGHLICSLKTTYRSKKPAKNLKMPGVYYVDRRLERIKEADKETYVEQHEVAVARYCDLPSKLG,-0.552243,10951.373096804287
Wi-Phy,701.0,719.0,18.0,92991,0.047,4.37,,m,,,36.1,b,Wisconsin infrared phytofluor,MASMTGGQQMGRGSMSRDPLPFFPPLYLGGPEITTENCEREPIHIPGSIQPHGALLTADGHSGEVLQMSLNAATFLGQEPTVLRGQTLAALLPEQWPALQAALPPGCPDALQYRATLDWPAAGHLSLTVHRVGELLILEFEPTEAWDSTGPHALRNAMSALESAPNLRALAEVATQTVRELTGFDRVMLYKFAPDATGEVIAEARREGLHAFLGHRFPASHIPAQARALYTRHLLRLTADTRAAAVPLDPVLNPQTNAPTPLGGAVLRATSPMHMQFLRNMGVGSSLSVSVVVGGQLWGLIACHHQTPYVLPPDLRTTLEYLGRELSEQVQVKEA,267,3S7Q,1.748,7.0,A,PFFPPLYLGGPEITTENCEREPIHIPGSIQPHGALLTADGHSGEVLQMSLNAATFLGQEPTVLRGQTLAALLPEQWPALQAALPPGCPDALQYRATLDWPAAGHLSLTVHRVGELLILEFEPTEHALRNAMSALESAPNLRALAEVATQTVRELTGFDRVMLYKFAPDATGEVIAEARREGLHAFLGHRFPASHIPAQARALYTRHLLRLTADTRAAAVPLDPVLNPQTNAPTPLGGAVLRATSPMHMQFLRNMGVGSSLSVSVVVGGQLWGLIACHHQTPYVLPPDLRTTLEYLGRELSEQVQVKEALE,-55.0519,14477.743004623882
asulCP,572.0,595.0,23.0,-,,,,,,,25.92,b,"asCP, FP595, asCP595",MASFLKKTMPFKTTIEGTVNGHYFKCTGKGEGNPFEGTQEMKIEVIEGGPLPFAFHILSTSCMYGSKTFIKYVSGIPDYFKQSFPEGFTWERTTTYEDGGFLTAHQDTSLDGDCLVYKVKILGNNFPADGPVMQNKAGRWEPATEIVYEVDGVLRGQSLMALKCPGGRHLTCHLHTTYRSKKPASALKMPGFHFEDHRIEIMEEVEKGKCYKQYEAAVGRYCDAAPSKLGHN,184,1XQM,2.1,7.0,A,SLLTETMPFKTTIEGTVNGHCFKCIGKGEGNPFEGTQEMKIEVIEGGPLPFAFHILSTSCSKTFIKYVSGIPDYFKQSFPEGFTWERTTTYEDGGFLTAHQDTSLDGDCLVYKVKILGNNFPADGPVMQNKVGRWEPGTEIVYEVDGVLRGQSLMALKCPGGRHLTCHLHTTYRSKKPASALKMPGFHFEDHRIEIMEEVEKGKCYKQYEAAVGRYCDAAPSKLGHN,-7.8855,10837.722174950379
cp-mKate,588.0,620.0,32.0,-,0.33,,,m,,,26.24,b,Circular Permutated mKate,GHLICNLKTTYRSKKPAKNLKMPGVYYVDRRLERIKEADKETYVEQHEVAVARYCDLPSKLGHAGGTGGSMSELITENMHMKLYMEGTVNNHHFKCTSEGEGKPYEGTQTMRIKVVEGGPLPFAFDILATSFMYGSKTFINHTQGIPDFFKQSFPEGFTWERVTTYEDGGVLTATQDTSLQDGCLIYNVKIRGVNFPSNGPVMQKKTLGWEASTEMLYPADGGLEGRSDMALKLV,198,3RWA,1.67,7.0,A,GHLICNLKTTYRSKKPAKNLKMPGVYYVDRRLERIKEADKETYVEQHEVAVARYCDLPSKLGHAGGTGGSMSELITENMHMKLYMEGTVNNHHFKCTSEGEGKPYEGTQTMRIKVVEGGPLPFAFDILATSFSKTFINHTQGIPDFFKQSFPEGFTWERVTTYEDGGVLTATQDTSLQDGCLIYNVKIRGVNFPSNGPVMQKKTLGWEASTEMLYPADGGLEGRSDMALKLV,-10.4719,11212.517659408302
eqFP611,559.0,611.0,52.0,78000,0.45,35.1,3.84,t,270.0,2.5,26.05,b,equaRFP,MNSLIKENMRMMVVMEGSVNGYQFKCTGEGDGNPYMGTQTMRIKVVEGGPLPFAFDILATSFMYGSKTFIKHTKGIPDFFKQSFPEGFTWERVTRYEDGGVFTVMQDTSLEDGCLVYHAKVTGVNFPSNGAVMQKKTKGWEPNTEMLYPADGGLRGYSQMALNVDGGGYLSCSFETTYRSKKTVENFKMPGFHFVDHRLERLEESDKEMFVVQHEHAVAKFCDLPSKLGRL,182,1UIS,2.0,7.0,A,IHMNSLIKENMRMMVVMEGSVNGYQFKCTGEGDGNPYMGTQTMRIKVVEGGPLPFAFDILATSFSKTFIKHTKGIPDFFKQSFPEGFTWERVTRYEDGGVFTVMQDTSLEDGCLVYHAKVTGVNFPSNGAVMQKKTKGWEPNTEMLYPADGGLRGYSQMALNVDGGGYLSCSFETTYRSKKTVENFKMPGFHFVDHRLERLEESDKEMFVVQHEHAVAKFCDLP,4.58788,10863.203658096389
eqFP650,592.0,650.0,58.0,65000,0.24,15.6,5.7,d,,,26.18,b,TurboFP650,MGEDSELISENMHMKLYMEGTVNGHHFKCTSEGEGKPYEGTQTAKIKVVEGGPLPFAFDILATSFMYGSKTFINHTQGIPDFFKQSFPEGFTWERITTYEDGGVLTATQDTSLQNGCLIYNVKINGVNFPSNGPVMQKKTLGWEASTEMLYPADSGLRGHSQMALKLVGGGYLHCSLKTTYRSKKPAKNLKMPGFYFVDRKLERIKEADKETYVEQHEMAVARYCDLPSKLGHS,183,4EDO,1.8,7.0,A,ELISENMHMKLYMEGTVNGHHFKCTSEGEGKPYEGTQTAKIKVVEGGPLPFAFDILATSFSKTFINHTQGIPDFFKQSFPEGFTWERITTYEDGGVLTATQDTSLQNGCLIYNVKINGVNFPSNGPVMQKKTLGWEASTEMLYPADSGLRGHSQMALKLVGGGYLHCSLKTTYRSKKPAKNLKMPGFYFVDRKLERIKEADKETYVEQHEMAVARYCD,-21.8716,10068.947661114807
eqFP670,605.0,670.0,65.0,70000,0.06,4.2,4.5,d,,,26.23,b,NirFP,MGEDSELISENMHTKLYMEGTVNGHHFKCTSEGEGKPYEGTQTCKIKVVEGGPLPFAFDILATSFMYGSKTFINHTQGIPDFFKQSFPEGFTWERITTYEDGGVLTATQDTSLQNGCLIYNVKINGVNFPSNGPVMQKKTLGWEANTEMLYPADSGLRGHNQMALKLVGGGYLHCSLKTTYRSKKPAKNLKMPGFYFVDRKLERIKEADKETYVEQHEMAVARYCDLPSKLGHS,182,4EDS,1.6,7.0,A,ELISENMHTKLYMEGTVNGHHFKCTSEGEGKPYEGTQTCKIKVVEGGPLPFAFDILATSFSKTFINHTQGIPDFFKQSFPEGFTWERITTYEDGGVLTATQDTSLQNGCLIYNVKINGVNFPSNGPVMQKKTLGWEANTEMLYPADSGLRGHNQMALKLVGGGYLHCSLKTTYRSKKPAKNLKMPGFYFVDRKLERIKEADKETYVEQHEMAVARYCD,-18.0918,10228.785762940597
iFP1.4,684.0,708.0,24.0,92000,0.07,6.44,4.6,m,114.0,,34.78,b,,MARDPLPFFPPLYLGGPEITTENCEREPIHIPGSIQPHGALLTADGHSGEVLQVSLNAATFLGQEPTVLRGQTLAALLPEQWPALQAALPPGCPDALQYRATLDWPAAGHLSLTVHRVAELLILEFEPTEAWDSIGPHALRNAMFALESAPNLRALAEVATQTVRELTGFDRVMLYKFAPDATGEMIAEARREGMQAFLGHRFPASHTPAQARALYTRHLLRLTADTRAAAVPLDPVLNPQTNAPTPLGGAVLRATSPMHMQYLRNMGVGSSLSVSVVVGGQLWGLIVCHHQTPYVLPPDLRTTLEELGRKLSGQVQRKEA,255,5AJG,1.11,7.0,A,LPFFPPLYLGGPEITTENCEREPIHIPGSIQPHGALLTADGHSGEVLQVSLNAATFLGQEPTVLRGQTLAALLPEQWPALQAALLQYRATLDWPAAGHLSLTVHRVAELLILEFEPTHALRNAMFALESAPNLRALAEVATQTVRELTGFDRVMLYKFAPDATGEMIAEARREGMQAFLGHRFPASHTPAQARALYTRHLLRLTADTRAAAVPLDPVLNPQTNAPTPLGGAVLRATSPMHMQYLRNMGVGSSLSVSVVVGGQLWGLIVCHHQTPYVLPPDLRTTLEYLGRKLSGQVQRKEA,-56.5245,14216.2696178
iFP2.0,690.0,711.0,21.0,86000,0.08,6.88,,d,,,34.85,b,,MARDPQPFFPPLYLGGPEITTENCEREPIHIPGSIQPHGALLTADGHSGEVLQVSLNAATFLGQEPTVLRGQTLAALLPDQWPALQTALPPGCQDALQYRATLDWPAAGHLSLTVHRVAELLILEFEPTEAWDSIGPHALRNAMFALESAPNLRALAEVATQTVRELSGFDRVMLYKFAPDATGEVIAEARREGMQAYLGHRFPASTTPAQARALYTRHLLRLTADTRAAAVPLDPVLNPQTNAPTPLGGAVLRATSPMHMQYLRNMGVGSSLSVSVVVGGQLWGLIVCHHQTPYVLPPDLRTTLEYLGRLLSLQVQRKEA,252,4CQH,1.14,7.0,A,PFFPPLYLGGPEITTENCEREPIHIPGSIQPHGALLTADGHSGEVLQVSLNAATFLGQEPTVLRGQTLAALLPDQWPALQTALPPGCQDALQYRATLDWPAAGHLSLTVHRVAELLILEFEPTHALRNAMFALESAPNLRALAEVATQTVRELSGFDRVMLYKFAPDATGEVIAEARREGMQAYLGHRFPASTTPAQARALYTRHLLRLTADTRAAAVPLDPVLNPQTNAPTPLGGAVLRATSPMHMQYLRNMGVGSSLSVSVVVGGQLWGLIVCHHQTPYVLPPDLRTTLEYLGRLLSLQVQRKE,-48.796,14518.480602049658
laRFP,521.0,592.0,71.0,71000,0.1,7.1,4.7,,,,25.77,b,,MHHHHHHGSPLPATHDLHISGSINGHEFDLEGSGKGNAKEGYQELHLKSNKGDLSFSPWILVPNIGYGFYQYLPFPDGAMSPYQAAMHDGSGYVMHRSMQFEDGAMLHSDHRYIYKGNHIKGEFRLTGSGFPADGPVMTNSLTAADWCVDKLLYPNDNTIIGKFDWTYTTTSGKRYQSDVQTNVTFGKPIAADILKKQPMFVFRKVELKHTKTELNFKQWQKAFQDIA,187,4JF9,2.33,7.0,B,SPLPATHDLHISGSINGHEFDLEGSGKGNAKEGYQELHLKSNKGDLSFSPWILVPNIFYQYLPFPDGAMSPYQAAMHDGSGYVMHRSMQFEDGAMLHSDHRYIYKGNHIKGEFRLTGSGFPADGPVMTNSLTAADWCVDKLLYPNDNTIIGKFDWTYTTTSGKRYQSDVQTNVTFGKPIAADILKKQPMFVFRKVELKHTKTELNFKQWQKAFQDIA,-19.391,10095.73359636244
mCRISPRed,460.0,592.0,132.0,28500,0.46,13.11,2.1,m,,2.1,26.59,b,,MVSKGEELIKENMRMKVVMEGSVNGHQFKCTGEGEGRPYEGVQTMRIKVIEGGPLPFAFDILATSFMYGSRTFIKYPADIPDFFKQSFPEGFTWERVTRYEDGGVVTVTQDTSLEDGELVYNVKVRGVNFPSNGPVMQKKTKGWEADTEMMYPADGGLRGYLDRALKVDGGGHLHCNFVTTYRSKKTVGDIKMPGVHAVDHRLERIEESDNETYVVQREVAVAKYSNLGGGMDELYK,169,6XWY,1.75,7.0,A,PLIKENMRMKVVMEGSVNGHQFKCTGEGEGRPYEGVQTMRIKVIEGGPLPFAFDILATSFSRTFIKYPADIPDFFKQSFPEGFTWERVTRYEDGGVVTVTQDTSLEDGELVYNVKVRGVNFPSNGPVMQKKTKGWEADTEMMYPADGGLRGYLDRALKVDGGGHLHCNFVTTYRSKKTVGDIKMPGVHAVDHRLERIEESDNETYVVQREVAVAKYS,-29.2803,10534.905692699042
mCardinal,604.0,659.0,55.0,87000,0.19,16.53,5.3,m,27.0,,27.55,b,,MVSKGEELIKENMHMKLYMEGTVNNHHFKCTTEGEGKPYEGTQTQRIKVVEGGPLPFAFDILATCFMYGSKTFINHTQGIPDFFKQSFPEGFTWERVTTYEDGGVLTVTQDTSLQDGCLIYNVKLRGVNFPSNGPVMQKKTLGWEATTETLYPADGGLEGRCDMALKLVGGGHLHCNLKTTYRSKKPAKNLKMPGVYFVDRRLERIKEADNETYVEQHEVAVARYCDLPSKLGHKLNGMDELYK,180,4OQW,2.21,7.0,A,GEELIKENMHMKLYMEGTVNNHHFKCTTEGEGKPYEGTQTQRIKVVEGGPLPFAFDILATCFSKTFINHTQGIPDFFKQSFPEGFTWERVTTYEDGGVLTVTQDTSLQDGCLIYNVKLRGVNFPSNGPVMQKKTLGWEATTETLYPADGGLEGRCDMALXLVGGGHLHCNLKTTYRSXKPAKNLKMPGVYFVDRRLERIKEADNETYVEQHEVAVARYCDLPSKL,3.6588,11126.950502426336
mCherry,587.0,610.0,23.0,72000,0.22,15.84,4.5,m,15.0,1.4,26.72,b,,MVSKGEEDNMAIIKEFMRFKVHMEGSVNGHEFEIEGEGEGRPYEGTQTAKLKVTKGGPLPFAWDILSPQFMYGSKAYVKHPADIPDYLKLSFPEGFKWERVMNFEDGGVVTVTQDSSLQDGEFIYKVKLRGTNFPSDGPVMQKKTMGWEASSERMYPEDGALKGEIKQRLKLKDGGHYDAEVKTTYKAKKPVQLPGAYNVNIKLDITSHNEDYTIVEQYERAEGRHSTGGMDELYK,171,2H5Q,1.36,7.0,A,NMAIIKEFMRFKVHMEGSVNGHEFEIEGEGEGRPYEGTQTAKLKVTKGGPLPFAWDILSPQFSKAYVKHPADIPDYLKLSFPEGFKWERVMNFEDGGVVTVTQDSSLQDGEFIYKVKLRGTNFPSDGPVMQKKTMGWEASSERMYPEDGALKGEIKQRLKLKDGGHYDAEVKTTYKAKKPVQLPGAYNVNIKLDITSHNEDYTIVEQYERAEGRHST,-52.9056,10438.681599984826
mEos2 (Red),573.0,584.0,11.0,46000,0.66,30.36,6.4,wd,,4.1,25.84,pc,,MSAIKPDMKIKLRMEGNVNGHHFVIDGDGTGKPFEGKQSMDLEVKEGGPLPFAFDILTTAFHYGNRVFAKYPDNIQDYFKQSFPKGYSWERSLTFEDGGICIARNDITMEGDTFYNKVRFYGTNFPANGPVMQKKTLKWEPSTEKMYVRDGVLTGDIHMALLLEGNAHYRCDFRTTYKAKEKGVKLPGYHFVDHCIEILSHDKDYNKVKLYEHAVAHSGLPDNARR,174,3S05,2.204,7.0,B,MSAIKPDMKIKLRMEGNVNGHHFVIDGDGTGKPFEGKQSMDLEVKEGGPLPFAFDILTTAFNRVFAKYPDNIQDYFKQSFPKGYSWERSLTFEDGGICIARNDITMEGDTFYNKVRFYGTNFPANGPVMQKKTLKWEPSTEKMYVRDGVLTGDIHMALLLEGNAHYRCDFRTTYKAKEKGVKLPGYHFVDHCIEILSHDKDYNKVKLYEHAVAHSGLPDNA,-34.5908,10888.10637191101
mEos2-A69T (Orange),565.0,580.0,15.0,11500,0.66,7.59,7.4,m,,4.2,25.87,pc,,MSAIKPDMKIKLRMEGNVNGHHFVIDGDGTGKPFEGKQSMDLEVKEGGPLPFAFDILTTAFHYGNRVFTKYPDNIQDYFKQSFPKGYSWERSLTFEDGGICIARNDITMEGDTFYNKVRFYGTNFPANGPVMQKKTLKWEPSTEKMYVRDGVLTGDIHMALLLEGNAHYRCDFRTTYKAKEKGVKLPGYHFVDHCIEILSHDKDYNKVKLYEHAVAHSGLPDNARR,174,5DTL,2.7,7.0,A,SAIKPDMKIKLRMEGNVNGHHFVIDGDGTGKPFEGKQSMDLEVKEGGPLPFAFDILTTAFNRVFTKYPDNIQDYFKQSFPKGYSWERSLTFEDGGICIARNDITMEGDTFYNKVRFYGTNFPANGPVMQKKTLKWEPSTEKMYVRDGVLTGDIHMALLLEGNAHYRCDFRTTYKAKEKGVKLPGYHFVDHCIEILSHDKDYNKVKLYEHAVAHSGLPDN,-35.4954,10918.826636736068
mEosFP (Red),569.0,581.0,12.0,37000,0.62,22.94,6.5,m,,4.1,25.83,pc,mEos,MSAIKPDMKINLRMEGNVNGHHFVIDGDGTGKPFEGKQSMDLEVKEGGPLPFAFDILTTAFHYGNRVFAEYPDHIQDYFKQSFPKGYSWERSLTFEDGGICIARNDITMEGDTFYNKVRFHGTNFPANGPVMQKKTLKWEPSTEKMYVRDGVLTGDIHMALLLEGNAHYRCDFRTTYKAKEKGVKLPGYHFVDHCIEILSHDKDYNKVKLYEHAVAHSGLPDNARR,173,3P8U,2.25,7.0,C,HHMSAIKPDMKINLRMEGNVNGHHFVIDGDGTGKPFEGKQSMDLEVKEGGPLPFAFDILTTAFNRVFAEYPDHIQDYFKQSFPKGYSWERSLTFEDGGICIARNDITMEGDTFYNKVRFHGTNFPANGPVMQKKTLKWEPSTEKMYVRDGVLTGDIHMALLLEGNAHYRCDFRTTYKAKEKGVKLPGYHFVDHCIEILSHDKDYNKVKLYEHAVAHSGLPDN,-10.9213,10962.984347853731
mKate,588.0,635.0,47.0,45000,0.33,14.85,6.2,m,,,26.02,b,,MSELIKENMHMKLYMEGTVNNHHFKCTSEGEGKPYEGTQTMRIKVVEGGPLPFAFDILATSFMYGSKTFINHTQGIPDFFKQSFPEGFTWERVTTYEDGGVLTATQDTSLQDGCLIYNVKIRGVNFPSNGPVMQKKTLGWEASTEMLYPADGGLEGRSDMALKLVGGGHLICNLKTTYRSKKPAKNLKMPGVYYVDRRLERIKEADKETYVEQHEVAVARYCDLPSKLGHK,183,3BXA,1.75,7.0,A,ELITENMHMKLYMEGTVNNHHFKCTSEGEGKPYEGTQTMRIKVVEGGPLPFAFDILATSFSKTFINHTQGIPDFFKQSFPEGFTWERVTTYEDGGVLTATQDTSLQDGCLIYNVKIRGVNFPSNGPVMQKKTLGWEASTEMLYPADGGLEGRSDMALKLVGGGHLICNLKTTYRSKKPAKNLKMPGVYYVDRRLERIKEADKETYVEQHEVAVARYCDLPSKL,-24.6321,10846.729435247486
mPlum,590.0,649.0,59.0,41000,0.1,4.1,4.5,m,100.0,,25.59,b,,MVSKGEEVIKEFMRFKEHMEGSVNGHEFEIEGEGEGRPYEGTQTARLKVTKGGPLPFAWDILSPQIMYGSKAYVKHPADIPDYLKLSFPEGFKWERVMNFEDGGVVTVTQDSSLQDGEFIYKVKVRGTNFPSDGPVMQKKTMGWEASSERMYPEDGALKGEMKMRLRLKDGGHYDAEVKTTYMAKKPVQLPGAYKTDIKLDITSHNEDYTIVEQYERAEGRHSTGA,175,2QLG,1.8,7.0,B,EVIKEFMRFKEHMEGSVNGHEFEIEGEGEGRPYEGTQTARLKVTKGGPLPFAWDILSPQISKAYVKHPADIPDYLKLSFPEGFKWERVMNFEDGGVVTVTQDSSLQDGEFIYKVKVRGTNFPSDGPVMQKKTMGWEASSERMYPEDGALKGEMKMRLRLKDGGHYDAEVKTTYMAKKPVQLPGAYKTDIKLDITSHNEDYTIVEQYERAEGRHSTG,-14.1378,10470.561200463651
mPlum-E16P,590.0,630.0,40.0,-,0.14,,4.7,m,,,25.56,b,,MVSKGEEVIKEFMRFKPHMEGSVNGHEFEIEGEGEGRPYEGTQTARLKVTKGGPLPFAWDILSPQIMYGSKAYVKHPADIPDYLKLSFPEGFKWERVMNFEDGGVVTVTQDSSLQDGEFIYKVKVRGTNFPSDGPVMQKKTMGWEASSERMYPEDGALKGEMKMRLRLKDGGHYDAEVKTTYMAKKPVQLPGAYKTDIKLDITSHNEDYTIVEQYERAEGRHSTGA,175,4H3L,1.65,7.0,A,VIKEFMRFKPHMEGSVNGHEFEIEGEGEGRPYEGTQTARLKVTKGGPLPFAWDILSPQISKAYVKHPADIPDYLKLSFPEGFKWERVMNFEDGGVVTVTQDSSLQDGEFIYKVKVRGTNFPSDGPVMQKKTMGWEASSERMYPEDGALKGEMKMRLRLKDGGHYDAEVKTTYMAKKPVQLPGAYKTDIKLDITSHNEDYTIVEQYERAEGRHS,-32.1073,10069.467959123725
mRojoA,597.0,633.0,36.0,48000,0.02,0.96,5.4,m,,,26.74,b,,MVSKGEEDNMAIIKEFMRFKTHMEGSVNGHEFEIEGEGEGRPYEGTQTAKLKVTKGGPLPFAWDILSPQFMYGSKAYVKHPADIPDYLKLSFPEGFKWERVMNFEDGGVVTVTQDSSLQDGEFIYKVKLHGTNFPSDGPVMQKKTMGWEASSERMYPEDGALKGEIKLRLKLKDGGHYDAEVKTTYKAKKPVQLPGAYNANYKLDITSHNEDYTIVEQYERCEGRHSTGGMDELYK,172,3NEZ,1.7,7.0,A,MAIIKEFMRFKTHMEGSVNGHEFEIEGEGEGRPYEGTQTAKLKVTKGGPLPFAWDILSPQFSKAYVKHPADIPDYLKLSFPEGFKWERVMNFEDGGVVTVTQDSSLQDGEFIYKVKLHGTNFPSDGPVMQKKTMGWEASSERMYPEDGALKGEIKLRLKLKDGGHYDAEVKTTYKAKKPVQLPGAYNANYKLDITSHNEDYTIVEQYERCEGRHS,-35.4368,10522.74796789069
mRouge,600.0,637.0,37.0,43000,0.02,0.86,6.1,m,,,26.79,b,,MVSKGEEDNMAIIKEFMRFKTHMEGSVNGHEFEIEGEGEGRPYEGTQTAKLKVTKGGPLPFAWDILSPQFMYGSKAYVKHPADIPDYLKLSFPEGFKWERVMNFEDGGVVTVTQDSSLQDGEFIYKVKLRGTNFPSDGPVMQKKTMGWEACSERMYPEDGALKGEMKMRLKLKDGGHYDAEVKTTYKAKKPVQLPGAYNTNTKLDITSHNEDYTIVEQYERNEGRHSTGGMDELYK,171,3NED,0.95,7.0,A,EEDNMAIIKEFMRFKTHMEGSVNGHEFEIEGEGEGRPYEGTQTAKLKVTKGGPLPFAWDILSPQFSKAYVKHPADIPDYLKLSFPEGFKWERVMNFEDGGVVTVTQDSSLQDGEFIYKVKLRGTNFPSDGPVMQKKTMGWEACSERMYPEDGALKGEMKMRLKLKDGGHYDAEVKTTYKAKKPVQLPGAYNTNTKLDITSHNEDYTIVEQYERNEGRHSTGGMDELYK,-27.9617,11445.829822251777
mRuby,558.0,605.0,47.0,112000,0.35,39.2,4.4,m,168.0,2.6,25.22,b,,MNSLIKENMRMKVVLEGSVNGHQFKCTGEGEGNPYMGTQTMRIKVIEGGPLPFAFDILATSFMYGSRTFIKYPKGIPDFFKQSFPEGFTWERVTRYEDGGVITVMQDTSLEDGCLVYHAQVRGVNFPSNGAVMQKKTKGWEPNTEMMYPADGGLRGYTHMALKVDGGGHLSCSFVTTYRSKKTVGNIKMPGIHAVDHRLERLEESDNEMFVVQREHAVAKFAGLGGG,175,3U0L,1.25,7.0,A,SLIKENMRMKVVLEGSVNGHQFKCTGEGEGNPYMGTQTMRIKVIEGGPLPFAFDILATSFSRTFIKYPKGIPDFFKQSFPEGFTWERVTRYEDGGVITVMQDTSLEDGCLVYHAQVRGVNFPSNGAVMQKKTKGWEPNTEMMYPADGGLRGYTHMALKVDGGGHLSCSFVTTYRSKKTVGNIKMPGIHAVSHRLERLEESDNEMFVVQREHAVAKF,-26.3238,10244.621174339316
mScarlet,569.0,594.0,25.0,100000,0.7,70.0,5.3,m,174.0,3.9,26.35,b,,MVSKGEAVIKEFMRFKVHMEGSMNGHEFEIEGEGEGRPYEGTQTAKLKVTKGGPLPFSWDILSPQFMYGSRAFTKHPADIPDYYKQSFPEGFKWERVMNFEDGGAVTVTQDTSLEDGTLIYKVKLRGTNFPPDGPVMQKKTMGWEASTERLYPEDGVLKGDIKMALRLKDGGRYLADFKTTYKAKKPVQMPGAYNVDRKLDITSHNEDYTVVEQYERSEGRHSTGGMDELYK,165,5LK4,1.47,7.0,A,AVIKEFMRFKVHMEGSMNGHEFEIEGEGEGRPYEGTQTAKLKVTKGGPLPFSWDILSPQFSRAFTKHPADIPDYYKQSFPEGFKWERVMNFEDGGAVTVTQDTSLEDGTLIYKVKLRGTNFPPDGPVMQKKTMGWEASTERLYPEDGVLKGDIKMALRLKDGGRYLADFKTTYKAKKPVQMPGAYNVDRKLDITSHNEDYTVVEQYERSEGRHSTG,-61.8757,10591.87684184371
mStrawberry,574.0,596.0,22.0,90000,0.29,26.1,4.5,m,50.0,,26.64,b,,MVSKGEENNMAIIKEFMRFKVRMEGSVNGHEFEIEGEGEGRPYEGTQTAKLKVTKGGPLPFAWDILTPNFTYGSKAYVKHPADIPDYLKLSFPEGFKWERVMNFEDGGVVTVTQDSSLQDGEFIYKVKLRGTNFPSDGPVMQKKTMGWEASSERMYPEDGALKGEIKMRLKLKDGGHYDAEVKTTYKAKKPVQLPGAYIVGIKLDITSHNEDYTIVELYERAEGRHSTGGMDELYK,170,2H5R,1.6,7.0,A,AIIKEFMRFKVRMEGSVNGHEFEIEGEGEGRPYEGTQTAKLKVTKGGPLPFAWDILTPNFSKAYVKHPADIPDYLKLSFPEGFKWERVMNFEDGGVVTVTQDSSLQDGEFIYKVKLRGTMFPSDGPVMQKKTMGWEASSERMYPEDGALKGEIKMRLKLKDGGHYDAEVKTTYKAKKPVQLPGAYIVGIKLDITSHNEDYTIVELYERAEGRHSTGGMDELY,-34.8595,10995.838872497563
miRFP670nano,645.0,670.0,25.0,95000,0.108,10.26,3.7,m,100.0,,17.1,b,,MANLDKMLNTTVTEVRQFLQVDRVCVFQFEEDYSGVVVVEAVDDRWISILKTQVRDRYFMETRGEEYSHGRYQAIADIYTANLTECYRDLLTQFQVRAILAVPILQGKKLWGLLVAHQLAAPRQWQTWEIDFLKQQAVVVGIAIQQS,189,6MGH,1.95,7.0,D,SAAGTMANLDKMLNTTVTEVRQFLQVDRVCVFQFEEDYSGVVVVEAVDDRWISILKTQVRDRYFMETRGEEYSHGRYQAIADIYTANLTECYRDLLTQFQVRAILAVPILQGKKLWGLLVAHQLAAPRQWQTWEIDFLKQQAVVVGIAIQQS,-38.1018,8405.448891572149
pcDronpa (Red),569.0,581.0,12.0,75000,0.68,51.0,6.3,t,,3.9,25.39,mp,,MSVIKPDMKIKLRMEGAVNGHPFAIEGVGLGKPFEGKQSMDLKVKEGGPLPFAYDILTTAFHYGNRVFAKYPENIVDYFKQSFPEGYSWERSMSYEDGGICIATNDITLDGDCYIYEIRFDGVNFPANGPVMQKRTVKWEPSTEKLYVRDGVLKGDVNMALSLEGGGHYRCDFKTTYKAKKVVQLPDYHFVDHHIEIKSHDKDYSNVNLHEHAEAHSGLPRQAK,175,4HQ8,1.95,7.0,A,SVIKPDMKIKLRMEGAVNGHPFAIEGVGLGKPFEGKQSMDLKVKEGGPLPFAYDILTTAFNRVFAKYPENIVDYFKQSFPEGYSWERSMSYEDGGICIATNDITLDGDCYIYEIRFDGVNFPANGPVMQKRTVKWEPSTEKLYVRDGVLKGDVNMALSLEGGGHYRCDFKTTYKAKKVVQLPDYHFVDHHIEIKSHDKDYSNVNLHEHAEAHSGLPR,-35.1194,10407.111760541642
rsTagRFP (ON),567.0,585.0,18.0,36800,0.11,4.05,6.6,m,,,26.63,ps,,MVSKGEELIKENMHMKLYMEGTVNNHHFKCTSEGEGKPYEGTQTMRIKVVEGGPLPFAFDILATSFMYGSRTFINHTQGIPDFWKQSFPEGFTWERVTTYEDGGVLTATQDTSLQDGCLIYNVKLRGVNFPSNGPVMQKKTLGWEAATEMLYPADGGLEGRGDMALKLVGGGHLICNLKTTYRSKNPAKNLKMPGVYFVDHRLERIKEADKETYVEQHEVAVARYCDLPSKLGHKLN,182,3U8C,2.188,7.0,A,ELIKENMHMKLYMEGTVNNHHFKCTSEGEGKPYEGTQTMRIKVVEGGPLPFAFDILATSFSRTFINHTQGIPDFWKQSFPEGFTWERVTTYEDGGVLTATQDTSLQDGCLIYNVKLRGVNFPSNGPVMQKKTLGWEAATEMLYPADGGLEGRGDMALKLVGGGHLICNLKTTYRSKNPAKNLKMPGVYFVDHRLERIKEADKETYVEQHEVAVARYCDLPSKL,13.1871,11003.08031896231
smURFP,642.0,670.0,28.0,180000,0.18,32.4,3.2,d,39.0,1.4,14.96,b,small Ultra Red Fluorescent Protein,MAKTSEQRVNIATLLTENKKKIVDKASQDLWRRHPDLIAPGGIAFSQRDRALCLRDYGWFLHLITFCLLAGDKGPIESIGLISIREMYNSLGVPVPAMMESIRCLKEASLSLLDEEDANETAPYFDYIIKAMS,187,6FZN,2.5,7.0,A,KTSEQRVNIATLLTENKKKIVDKASQDLWRRHPDLIAPGGIAFSQRDRALCLRDRGWFLHLITFCLLAGDKGPIESIGLISIREMYNSLVPAMMESIRCLKEASLSLLDEEDANETAPYFDYIIKAMSHHHH,-27.3902,8050.659999043711
