Name,Ex max (nm),Em max (nm),Stokes Shift (nm),Extinction Coefficient,Quantum Yield,Brightness,pKa,Oligomerization,Maturation (min),Lifetime (ns),Molecular Weight (kDa),Switch Type,Aliases
AausFP1,504,510,6,170000,0.97,164.9,4.4,d,,,25.72,b,
vsfGFP-0,485,510,25,209916,0.76,159.54,4.84,d,,,38.39,b,"dimeric vsfGFP, vGFP-0"
LanYFP,513,524,11,150000,0.95,142.5,3.5,t,,,24.72,b,
mEosEM (Green),503,511,8,155650,0.79,122.96,6,m,,,25.87,pc,
YGFPdp (Default),502,513,11,173000,0.7,121.1,,d,,,24.7,b,
bfloGFPa1,500,512,12,120900,1,120.9,3,d,,,24.55,b,
RRvT,556,583,27,134000,0.88,117.92,3.9,td,,,54.55,b,
h2-3,506,516,10,130000,0.89,115.7,4.6,d,,,26.5,b,
dLanYFP,513,524,11,125000,0.9,112.5,,d,,,26.66,b,
mEosEM (Red),569,579,10,170128,0.66,112.28,6.5,m,,,25.87,pc,
dVFP,491,503,12,107000,1,107,,d,,,25.55,b,
ccalYFP1,514,523,9,142000,0.75,106.5,,t,,,25,b,
efasGFP,496,507,11,125800,0.8,100.64,,t,,,24.42,b,
pcDronpa (Green),505,517,12,115000,0.85,97.75,5.5,t,,3.2,25.39,mp,
aeurGFP,504,515,11,145700,0.67,97.62,,t,,,26.02,b,
Skylan-S (On),499,511,12,152408,0.64,97.54,,m,,3.94,25.68,ps,Sky lantern for SOFI
mVenus-Q69M,515,528,13,-,,96.97,,m,9.6,,26.9,b,mVenus ME
tdTomato,554,581,27,138000,0.69,95.22,4.7,td,60,,54.19,b,
PlamGFP,502,514,12,98600,0.96,94.66,,t,,,26.5,b,
eechGFP1,497,510,13,124200,0.75,93.15,,t,,,26.11,b,
mNeonGreen,506,517,11,116000,0.8,92.8,5.7,m,10,3.1,26.65,b,mNG
Kaede (Green),508,518,10,98800,0.88,86.94,5.6,t,,3.4,25.67,pc,tgeoRFP
mClover3,506,518,12,109000,0.78,85.02,6.5,m,43.5,,26.95,b,
Clover,505,515,10,111000,0.76,84.36,6.2,wd,30,3.2,26.79,b,
VFP,491,503,12,83700,1,83.7,,d,,,25.58,b,
pcDronpa2 (Green),504,515,11,100000,0.83,83,5.8,t,,,25.34,mp,
moxNeonGreen,505,520,15,111000,0.74,82.14,,m,,,26.63,b,
tdimer2(12),552,579,27,120000,0.68,81.6,4.8,td,120,,52.66,b,TDimer2
Dronpa (On),503,518,15,95000,0.85,80.75,,m,,,25.48,ps,22Gm3
YPet,517,530,13,104000,0.77,80.08,5.63,wd,,,26.91,b,
Skylan-NS (On),499,511,12,133770,0.59,78.92,5.7,m,,,25.71,ps,sky lantern for nonlinear structured illumination
ffDronpa (On),503,517,14,105000,0.75,78.75,5,m,15,,25.45,ps,"Dronpa-V60A, fast-forming Dronpa"
FusionRed-MQV,566,585,19,144000,0.53,76.32,4.6,m,195,2.77,25.59,b,FR-MQV
eechGFP2,506,520,14,109800,0.69,75.76,,t,,,25.5,b,
gfasGFP,492,506,14,102500,0.73,74.83,,t,,,25.99,b,
Gamillus (On),504,519,15,83000,0.9,74.7,3.4,m,8,,26.55,ps,GFP with acid tolerance and monomeric properties to illuminate soured environments
sarcGFP,483,500,17,76700,0.96,73.63,,t,,,25.83,b,
vsfGFP-9,485,510,25,104958,0.7,73.47,4.75,m,,,39.46,b,"vGFP, vsfGFP"
mEos3.1 (Green),505,513,8,88400,0.83,73.37,5.2,m,,,25.73,pc,
mGreenLantern,503,514,11,101800,0.72,73.3,5.6,m,13.5,,26.82,b,mGL
pmeaGFP1,489,504,15,99000,0.74,73.26,,,,,24.98,b,
mVFP,491,503,12,85000,0.86,73.1,,m,,,25.64,b,
pmimGFP1,491,505,14,79000,0.92,72.68,5.3,t,,,25.1,b,
pmimGFP2,491,505,14,79000,0.92,72.68,4.7,t,,,25.11,b,
eYGFP (Default),507,516,9,124000,0.58,71.92,3.81,d,,,24.73,b,
mEos4a (Green),505,515,10,83530,0.86,71.84,5.25,m,,,26.05,pc,mEos3dG16
pcDronpa2 (Red),569,583,14,105000,0.68,71.4,6.1,t,,,25.34,mp,
pdae1GFP,491,511,20,105000,0.68,71.4,,,,,24.92,b,
pmeaGFP2,487,502,15,98000,0.72,70.56,,,,,24.94,b,
mScarlet,569,594,25,100000,0.7,70,5.3,m,174,3.9,26.35,b,
mCitrine,516,529,13,94000,0.74,69.56,,m,,,27.05,b,
ccalGFP3,505,517,12,144000,0.48,69.12,,t,,,24.82,b,
phiYFP,525,537,12,115000,0.6,69,,d,,,26.05,b,
GRvT (Redexcitation),557,583,26,71000,0.97,68.87,2.5,td,,,53.96,b,
SYFP2,515,527,12,101000,0.68,68.68,6,m,4.1,2.9,26.88,b,mVenus NB
Citrine2,509,522,13,98000,0.7,68.6,5.9,d,,3.3,26.94,b,
mGold,515,531,16,107000,0.64,68.48,5.9,m,,,26.91,b,
mVFP1,491,503,12,80400,0.84,67.54,,m,,,25.6,b,
Gamillus0.4,505,524,19,75000,0.89,66.75,4,m,,,25.62,b,GFP with acid tolerance and monomeric properties to illuminate soured environments
SHardonnay,511,524,13,89000,0.75,66.75,,m,,3.4,26.98,b,
aacuGFP2,502,513,11,93900,0.71,66.67,,t,,,26.09,b,
mVenus,515,527,12,104000,0.64,66.56,5.5,m,17.6,2.7,26.89,b,mVenus JBC
pcStar (Green),505,515,10,74376,0.89,66.19,5.49,m,,,25.72,pc,
mEos4b (Green),505,516,11,78170,0.84,65.66,5.5,m,,,25.9,pc,mEos3d.2G16
mKOκ,551,563,12,105000,0.61,64.05,4.2,m,,,24.47,b,mKusabira-Orange-kappa
fabdGFP,508,520,12,116800,0.54,63.07,,t,,,25.45,b,
mGeos-C (On),505,516,11,76967,0.81,62.34,6,m,,,25.81,ps,
plobRFP,578,614,36,84000,0.74,62.16,,t,,,26.45,b,
rsKame (On),503,517,14,72000,0.86,61.92,,m,,,25.49,ps,
TurboRFP,553,574,21,92000,0.67,61.64,4.4,d,90,,26.14,b,
afraGFP,494,503,9,100800,0.61,61.49,,t,,,25.69,b,
stylGFP,485,500,15,86700,0.7,60.69,,t,,,24.99,b,
AzaleaB5,574,596,22,104000,0.58,60.32,,m,,,26.02,b,
phiYFPv,524,537,13,101305,0.59,59.77,,,,,25.94,b,
FoldingReporterGFP,490,530,40,82400,0.72,59.33,,d,,,26.78,b,
Citrine,516,529,13,77000,0.76,58.52,5.7,wd,,3.6,26.99,b,
dendFP (Green),492,508,16,90000,0.65,58.5,6.5,t,,,25.81,pc,"dendRFP, dendGFP"
PSmOrange (Orange),548,565,17,113300,0.51,57.78,6.2,m,96,,26.79,pc,
anobGFP,502,511,9,96200,0.6,57.72,,t,,,25.88,b,
mRuby3,558,592,34,128000,0.45,57.6,4.8,m,136.5,,26.56,b,
RFP611,559,611,52,120000,0.48,57.6,,t,110,,26,b,
Topaz,514,527,13,94500,0.6,56.7,,wd,,,26.93,b,
SEYFP,515,528,13,101000,0.56,56.56,6,d,,,26.87,b,super-EYFP
mScarlet-I,569,593,24,104000,0.54,56.16,5.4,m,36,3.1,26.36,b,
mWasabi,493,509,16,70000,0.8,56,6.5,m,,,26.94,b,
iq-mVenus,516,529,13,88700,0.63,55.88,,m,,,,b,
meffRFP,560,576,16,99600,0.56,55.78,,t,,,26.51,b,
d2EosFP (Green),506,516,10,84000,0.66,55.44,,d,,,25.82,pc,dimer 2 EosFP
eqFP578,552,578,26,102000,0.54,55.08,,d,,,26.14,b,
EYFP-Q69K,514,526,12,72000,0.76,54.72,5.8,wd,,,26.99,b,EYFP-V68L/Q69K
mTFP1,462,492,30,64000,0.85,54.4,4.3,m,,3.2,26.91,b,
ccalRFP1,568,598,30,92000,0.59,54.28,,t,,,24.85,b,
eechGFP3,512,524,12,120600,0.45,54.27,,t,,,25.91,b,
cgreGFP,485,500,15,63030,0.86,54.21,,,,,26.38,b,
SuperfolderGFP,485,510,25,83300,0.65,54.15,,wd,13.6,,26.78,b,sfGFP
CpYGFP (Default),508,518,10,101000,0.53,53.53,,d,,,24.74,b,
meffGFP,492,506,14,92000,0.58,53.36,,t,,,26.54,b,
mEos3.2 (Green),507,516,9,63400,0.84,53.26,5.4,m,20,,25.74,pc,
pporGFP,495,507,12,98200,0.54,53.03,,t,,,24.73,b,
muGFP,490,508,18,117000,0.45,52.65,,m,,,26.78,b,monomeric ultra-stable GFP
Venus,515,528,13,92200,0.57,52.55,6,wd,17.6,3,26.84,b,SEYFP-F46L
mGeos-E (On),501,513,12,69630,0.75,52.22,6,m,,,25.84,ps,
Gamillus0.2,505,524,19,55000,0.94,51.7,4,d,,,25.65,b,GFP with acid tolerance and monomeric properties to illuminate soured environments
mEosFP-M159A (Green),487,514,27,98600,0.52,51.27,4.3,m,,3.2,25.76,b,
pporRFP,578,595,17,94900,0.54,51.25,,t,,,26.05,b,
pcDronpa (Red),569,581,12,75000,0.68,51,6.3,t,,3.9,25.39,mp,
d1EosFP (Green),505,516,11,74800,0.68,50.86,,d,,,25.79,pc,dimer 1 EosFP
moxGFP,486,510,24,87000,0.58,50.46,,m,17.1,,26.88,b,
oxGFP,486,510,24,87000,0.58,50.46,,d,,,26.85,b,
EosFP (Green),506,516,10,72000,0.7,50.4,,t,,,25.79,pc,lhemRFP
amilFP513,504,513,9,75200,0.67,50.38,,t,,,25.98,b,amilGFP
KO,548,561,13,109750,0.45,49.39,5,d,,4.2,24.28,b,"Kusabira-Orange, KO1"
DsRed,558,583,25,72500,0.68,49.3,,t,1600,,25.93,b,"drFP583, discRFP, RFP, DsRed1"
mGeos-S (On),501,512,11,64602,0.76,49.1,5,m,,,25.79,ps,
tdKatushka2,588,633,45,132500,0.37,49.02,5.4,td,,,26.08,b,
mOrange,548,562,14,71000,0.69,48.99,6.5,m,150,,26.74,b,
mEYFP,515,528,13,79000,0.62,48.98,,m,9,,27.05,b,
anm1GFP1,475,495,20,75000,0.65,48.75,,d,,,29.23,b,
meffCFP,467,492,25,88600,0.55,48.73,,t,,,25.99,b,
AzamiGreen,492,505,13,72300,0.67,48.44,5,t,,,25.96,b,AG
obeGFP,502,515,13,78000,0.62,48.36,,,,,26.35,b,
TagRFP,555,584,29,100000,0.48,48,3.8,wd,100,2.3,26.09,b,
dimer2,552,579,27,69000,0.69,47.61,4.9,d,120,,25.89,b,
dTomato,554,581,27,69000,0.69,47.61,4.7,d,60,,26.96,b,
mEos2 (Green),506,519,13,56000,0.84,47.04,5.6,wd,,3.5,25.84,pc,
usGFP,490,508,18,103000,0.45,46.35,,d,,,26.81,b,ultra-stable GFP
M355NA,572,595,23,220000,0.21,46.2,,t,,,25.92,b,
cgfTagRFP,556,585,29,90000,0.51,45.9,2.9,,,,26.07,b,
mGeos-F (On),504,515,11,53135,0.85,45.16,5,m,,,25.85,ps,
EYFP,513,527,14,67000,0.67,44.89,6.9,wd,9,3.1,26.99,b,10C
Gamillus0.3,505,524,19,51000,0.88,44.88,4,m,,,25.6,b,GFP with acid tolerance and monomeric properties to illuminate soured environments
Kohinoor (On),495,514,19,62900,0.71,44.66,8.6,m,,,25.35,ps,
amilFP593,562,593,31,90900,0.49,44.54,,t,,,26.15,b,amilRFP
ccalOFP1,508,561,53,85000,0.52,44.2,,t,,,25.47,b,
obeYFP,514,528,14,77000,0.57,43.89,,,,,26.37,b,
mGeos-M (On),503,514,11,51600,0.85,43.86,4.7,m,,,25.84,ps,
GCaMP6f (InpresenceofCa2+),496,513,17,66293,0.66,43.75,,,,,,o,
moxVenus,514,526,12,89000,0.49,43.61,,m,25.8,,26.85,b,
oxVenus,514,526,12,89000,0.49,43.61,,d,,,26.82,b,
WasCFP,494,505,11,51000,0.85,43.35,6.9,m,,5.1,26.77,b,W in anionic state CFP
mEos4a (Red),571,580,9,61000,0.71,43.31,5.7,m,,,26.05,pc,mEos3dG16
mUkG,483,499,16,60000,0.72,43.2,5.2,m,,,25.61,b,"mUmikinoko-Green, mUkG1"
NowGFP,494,502,8,56700,0.76,43.09,6.2,m,,5.1,26.69,b,
mEosFP (Green),505,516,11,67200,0.64,43.01,5.3,m,,3.5,25.83,pc,mEos
mRuby2,559,600,41,113000,0.38,42.94,5.3,m,150,2.5,26.49,b,
ppluGFP2,482,502,20,70000,0.6,42,,m,,,24.65,b,copGFP
mAvicFP1,480,503,23,65000,0.63,40.95,4.9,m,,,26.82,b,
dTFP0.2,456,486,30,60000,0.68,40.8,,d,,,27.43,b,
AvicFP1,481,503,22,64000,0.63,40.32,4.9,wd,,,26.8,b,
scubRFP,570,578,8,66400,0.6,39.84,,t,,,26.06,b,
mKO2,551,565,14,63800,0.62,39.56,5.5,m,108,,24.46,b,mKusabira-Orange2
UnaG,498,527,29,77300,0.51,39.42,4,,,,15.58,b,
mEos4b (Red),570,580,10,55500,0.71,39.41,5.8,m,,,25.9,pc,mEos3d.2G16
GFPmut2,485,508,23,53900,0.73,39.35,,wd,5.6,,26.87,b,
mRuby,558,605,47,112000,0.35,39.2,4.4,m,168,2.6,25.22,b,
Emerald,487,509,22,57500,0.68,39.1,,wd,11.2,,26.9,b,
mEmerald,487,509,22,57500,0.68,39.1,6,m,11.2,,26.95,b,
ppluGFP1,480,500,20,65000,0.6,39,,,,,24.56,b,
meleRFP,573,579,6,45600,0.85,38.76,,t,,,25.84,b,
mGeos-L (On),501,513,12,53448,0.72,38.48,5,m,,,25.82,ps,
OFP,548,573,25,60000,0.64,38.4,,t,,,25.12,b,
mmilCFP,404,492,88,42500,0.9,38.25,,t,,,25.56,b,
KikGR1 (Green),507,517,10,53700,0.7,37.59,7.8,t,,,25.76,pc,Kikume Green-Red
TurboGFP,482,502,20,70000,0.53,37.1,5.2,d,25,,25.69,b,
mApple,568,592,24,75000,0.49,36.75,6.5,m,30,2.9,26.96,b,
GRvT (FRETexcitation),477,583,106,89000,0.41,36.49,3.3,td,,,53.96,b,
CyRFP1 (CyRFP1),529,588,59,48000,0.76,36.48,,d,12,,26.42,,
E2-Red/Green,560,585,25,53800,0.67,36.05,4.5,,72,,25.76,b,
ccalGFP1,504,517,13,78000,0.46,35.88,,t,,,24.78,b,
mPapaya,530,541,11,43000,0.83,35.69,6.8,m,,,26.91,b,mPapaya1
moxCerulean3,434,474,40,41000,0.87,35.67,,m,100.4,,26.62,b,
GFP(S65T),490,510,20,55000,0.64,35.2,,d,,,26.9,b,
eqFP611,559,611,52,78000,0.45,35.1,3.84,t,270,2.5,26.05,b,equaRFP
meleCFP,454,485,31,47400,0.74,35.08,,t,,,25.9,b,
GFPmut3,500,513,13,89400,0.39,34.87,,wd,4.1,,26.84,b,
SGFP2(E222Q),496,512,16,67000,0.52,34.84,6,,,,26.89,b,
mCerulean3,433,475,42,40000,0.87,34.8,3.2,m,69.8,4.1,26.66,b,
mOrange2,549,565,16,58000,0.6,34.8,6.5,m,270,2.7,26.82,b,
eYGPdp (Default),501,513,12,49800,0.69,34.36,7.29,d,,,24.77,b,
G3,498,515,17,49000,0.7,34.3,,m,,,26.87,b,
Dreiklang (On),511,529,18,83000,0.41,34.03,7.2,m,120,,26.95,ps,
TagGFP2,483,506,23,56500,0.6,33.9,4.7,m,11,,26.87,b,
mAzamiGreen,492,505,13,41800,0.81,33.86,6.2,m,,,25.85,b,mAG
mKikGR (Green),505,515,10,49000,0.69,33.81,6.6,m,,,26.45,pc,"monomeric Kikume Green-Red, mKikGR1"
iq-mEmerald,482,509,27,50400,0.67,33.77,,m,,,27.06,b,
cfSGFP2,493,517,24,45000,0.75,33.75,5.4,m,,,26.91,b,
Dendra2-M159A (Orange),528,562,34,45000,0.75,33.75,6.8,m,,4,26.06,mp,
mEGFP,488,507,19,56000,0.6,33.6,6,m,,,27,b,
EGFP,488,507,19,55900,0.6,33.54,6,wd,25,2.6,26.94,b,"enhanced GFP, GFPmut1"
jRCaMP1a (calciumsaturated),572,594,22,61920,0.54,33.44,6.2,,,,,b,
TagRFP-T,555,584,29,81000,0.41,33.21,4.6,m,100,2.3,27.58,b,
TagGFP,482,505,23,55000,0.6,33,5,d,18,,26.68,b,
anobCFP2,477,495,18,67200,0.49,32.93,,t,,,25.69,b,
KCY,455,488,33,38700,0.85,32.9,,d,,,24.67,b,
td-RFP611,558,609,51,70000,0.47,32.9,,d,225,,26.14,b,
TagBFP,402,457,55,52000,0.63,32.76,2.7,m,13,2.6,26.28,b,mTagBFP
smURFP,642,670,28,180000,0.18,32.4,3.2,d,39,1.4,14.96,b,small Ultra Red Fluorescent Protein
mTagBFP2,399,454,55,50600,0.64,32.38,2.7,m,12,2.6,26.65,b,
SGFP2,495,512,17,46000,0.7,32.2,5.9,m,,,26.89,b,
SGFP2(T65G),501,512,11,90000,0.35,31.5,6.7,m,,,26.85,b,
PSmOrange2 (Orange),546,561,15,51000,0.61,31.11,6.6,m,210,,26.73,pc,
eqFP611V124T,559,611,52,74000,0.42,31.08,,d,450,,26.05,b,
efasCFP,466,490,24,40333,0.77,31.06,,t,,,25.86,b,
TagYFP,508,524,16,50000,0.62,31,5.5,m,,,26.97,b,
mKO,548,559,11,51600,0.6,30.96,5,m,,4.1,24.45,b,"mKusabira-Orange, mKO1"
TDsmURFP,642,670,28,170000,0.18,30.6,,td,,,31.96,b,"Tandem Dimer smURFP, Tandem Dimer small Ultra Red Fluorescent Protein"
CyOFP1,497,589,92,40000,0.76,30.4,5.5,m,15,3.6,26.42,b,
mEos2 (Red),573,584,11,46000,0.66,30.36,6.4,wd,,4.1,25.84,pc,
SGFP2(206A),496,512,16,44000,0.69,30.36,6,m,,,26.84,b,
LanFP1,500,510,10,53000,0.57,30.21,,,,,24.58,b,
K-GECO1 (calciumsaturated),569,593,24,62700,0.48,30.1,6.34,,,,,b,
rsFastLime (On),496,518,22,39094,0.77,30.1,,t,,,25.44,ps,
mTFP0.7 (On),453,488,35,60000,0.5,30,,m,,,26.96,o,
cerFP505,494,505,11,54000,0.55,29.7,,t,360,,25.38,b,
psamCFP,404,492,88,30800,0.96,29.57,,t,,,25.88,b,
Katushka2S,588,633,45,67000,0.44,29.48,5.4,d,14,,26.39,b,
DsRed.T3,560,587,27,49500,0.59,29.2,,t,78,,25.81,b,
E2-Crimson,611,646,35,126000,0.23,28.98,4.5,t,24,,25.7,b,
FR-1,569,594,25,84900,0.34,28.87,,m,,2.3,25.59,b,
DsRed2,561,587,26,52000,0.55,28.6,,t,390,,25.76,b,
mCerulean2,432,474,42,47000,0.6,28.2,4.8,m,,3.04,26.68,b,
Dendra2-M159A (Green),471,504,33,51100,0.55,28.11,6.5,m,,2.8,26.06,mp,
PATagRFP1314 (On),562,596,34,61000,0.46,28.06,,d,25,,26.09,pa,
mTurquoise2,434,474,40,30000,0.93,27.9,3.1,m,33.5,4,26.91,b,
Padron (On),503,522,19,43000,0.64,27.52,,m,,,25.46,ps,
aceGFP,480,505,25,50000,0.55,27.5,,m,,,26.77,b,
AcGFP1,475,505,30,50000,0.55,27.5,,wd,,,26.87,b,
NijiFP (Orange),526,569,43,42000,0.65,27.3,7.3,m,,4.2,26.06,mp,
SPOON (on),510,527,17,54000,0.5,27,7.2,m,112,,26.83,ps,SPOntaneous switching ON fluorescent protein
Cerulean,433,475,42,43000,0.62,26.66,4.7,wd,,3.3,26.77,b,
amilFP490,424,490,66,29500,0.9,26.55,,,,,25.95,b,amilCFP
dTFP0.1,456,485,29,42000,0.63,26.46,,d,,,27.42,b,TFP
PATagRFP1297 (On),563,595,32,63000,0.42,26.46,,t,25,,26.01,pa,
mT-Sapphire,399,511,112,44000,0.6,26.4,4.9,m,156.5,,26.94,b,
T-Sapphire,399,511,112,44000,0.6,26.4,4.9,wd,156.5,,26.88,b,
NijiFP (Green),469,507,38,41100,0.64,26.3,7,m,,3.4,26.06,mp,
mAmetrine,406,526,120,45000,0.58,26.1,6,m,1.8,,26.8,b,
mNectarine,558,578,20,58000,0.45,26.1,6.9,m,30,,26.59,b,
mStrawberry,574,596,22,90000,0.29,26.1,4.5,m,50,,26.64,b,
SGFP1,495,512,17,42000,0.62,26.04,6,m,,,26.91,b,
cgfmKate2,584,628,44,55000,0.47,25.85,4.6,m,,,26.02,b,
BrUSLEE,487,509,22,86000,0.3,25.8,,m,,0.82,26.88,b,
rsGreen1 (Bright),486,509,23,61000,0.42,25.62,5.9,m,,,26.94,ps,
mIrisFP (Green),486,516,30,47000,0.54,25.38,5.4,m,14,,25.69,mp,
G2,487,503,16,39000,0.65,25.35,,m,,,26.9,b,
mTurquoise,434,474,40,30000,0.84,25.2,4.5,m,112.2,3.7,26.88,b,
moxDendra2 (Green),490,504,14,50300,0.5,25.15,,m,,,26.09,pc,
iq-mCerulean3,433,474,41,27300,0.92,25.12,,m,,,,b,
PATagRFP (On),562,595,33,66000,0.38,25.08,5.3,m,,,26.08,pa,
mKate2,588,633,45,62500,0.4,25,5.4,m,20,2.5,26.07,b,
d1EosFP (Red),571,581,10,40000,0.62,24.8,,d,,,25.79,pc,dimer 1 EosFP
Turquoise-GL,434,474,40,30000,0.82,24.6,,m,,3.9,26.78,b,
MiCy,472,495,23,27250,0.9,24.52,6.6,d,,3.4,26.15,b,Midoriishi Cyan
mBlueberry2,402,467,65,51000,0.48,24.48,2.5,m,,,26.76,b,
FusionRed-M,571,594,23,71100,0.34,24.17,,m,,2.1,25.6,b,FR-M
dendFP (Red),557,575,18,35000,0.68,23.8,5.2,t,,,25.81,pc,"dendRFP, dendGFP"
Dendra2-T69A (Green),502,518,16,42500,0.56,23.8,6,m,,3,26.09,pc,
anobCFP1,462,490,28,27600,0.86,23.74,,t,,,25.9,b,
eYGFPuv (Default),398,512,114,31200,0.76,23.71,3,d,,,24.69,b,CP_eYGFPuv
αGFP,397,506,109,30000,0.79,23.7,,d,,,26.8,b,"cycle 3, alphaGFP, GFPuv"
mCerulean2.N,440,484,44,49000,0.48,23.52,4.5,m,,2.63,26.69,b,
LSSmOrange,437,572,135,52000,0.45,23.4,5.7,m,138,,26.72,b,
mCerulean2.D3,434,472,38,45000,0.52,23.4,,m,,,26.75,b,
cpT-Sapphire174-173,399,511,112,44000,0.53,23.32,5.2,,,,,b,
Aquamarine,430,474,44,26000,0.89,23.14,3.3,m,,4.1,26.81,b,
oxCerulean,435,477,42,56000,0.41,22.96,,d,,,,b,
mEosFP (Red),569,581,12,37000,0.62,22.94,6.5,m,,4.1,25.83,pc,mEos
mEosFP-F173S (Green),486,514,28,53200,0.43,22.88,5.8,m,,3.3,25.76,mp,
KikGR1 (Red),583,593,10,35100,0.65,22.82,5.5,t,,,25.76,pc,Kikume Green-Red
mNeptune2.5,599,643,44,95000,0.24,22.8,5.8,m,26,,27.53,b,
EBFP1.5,381,449,68,43000,0.53,22.79,4.8,m,,,26.77,b,
Dendra2-T69A (Orange),563,578,15,35400,0.64,22.66,7,m,,4.2,26.09,pc,
EosFP (Red),571,581,10,41000,0.55,22.55,,t,,,25.79,pc,lhemRFP
aacuGFP1,478,502,24,36900,0.61,22.51,,t,,,25.7,b,
bsDronpa (On),460,504,44,45000,0.5,22.5,,m,,,25.43,ps,
Dendra2 (Green),490,507,17,45000,0.5,22.5,6.6,m,,3.3,26.12,pc,
mKateS158A,585,630,45,75000,0.3,22.5,5.4,m,,,26.01,b,mLumin
IrisFP (Green),488,516,28,52200,0.43,22.45,5.7,t,,,25.69,mp,
ZsGreen,496,506,10,35600,0.63,22.43,,t,,,26.11,b,"zFP506, zoanGFP"
mCerulean.B24,433,473,40,43000,0.52,22.36,,m,,,26.75,b,
obeCFP,400,499,99,36000,0.62,22.32,,,,,26.19,b,
Katushka,588,635,47,65000,0.34,22.1,,d,34,2.1,26.01,b,TurboFP635
Padron0.9 (On),505,522,17,36000,0.61,21.96,,m,,,25.38,ps,
mNeptune2,599,651,52,89000,0.24,21.36,6.3,m,27,,27.45,b,
pcStar (Red),567,579,12,48403,0.44,21.3,6.14,m,,,25.72,pc,
AausGFP,398,503,105,29000,0.73,21.17,4.8,d,,,27.45,b,
TagCFP,458,480,22,37000,0.57,21.09,4.7,m,,,26.68,b,
mCerulean.B,434,473,39,43000,0.49,21.07,,m,,,26.74,b,
LanFP2,500,516,16,162000,0.13,21.06,,,,,23.66,b,
mKateS158C,586,630,44,63000,0.33,20.79,,m,,,26.04,b,
mEos3.1 (Red),570,580,10,33500,0.62,20.77,6,m,,,25.73,pc,
Dronpa-2 (On),490,515,25,61732,0.33,20.37,,m,,,25.45,ps,Dronpa-M159T
D10,433,475,42,44000,0.46,20.24,,,,,26.76,b,
shBFP-N158S/L173I,375,458,83,24100,0.84,20.24,,m,,,,b,
Kaede (Red),572,580,8,60400,0.33,19.93,5.6,t,,4.2,25.67,pc,tgeoRFP
sg25,474,506,32,26200,0.76,19.91,,,,,26.94,b,
d2EosFP (Red),569,581,12,33000,0.6,19.8,,d,,,25.82,pc,dimer 2 EosFP
mCerulean2.N(T65S),439,481,42,43000,0.46,19.78,,m,,,26.67,b,
avGFP,395,509,114,25000,0.79,19.75,4.5,d,,,26.89,b,"wtGFP, GFP, gfp10, Green Fluorescent Protein"
E2-Orange,540,561,21,36500,0.54,19.71,4.5,t,78,,25.66,b,
BDFP1.6,642,666,24,100000,0.197,19.7,,d,,,16.64,b,
DsRed-Max,560,589,29,48000,0.41,19.68,,t,72,,25.74,b,
mCerulean.B2,432,471,39,39000,0.5,19.5,,m,,,26.67,b,
mIrisFP (Red),546,578,32,33000,0.59,19.47,7.6,m,,,25.69,mp,
CGFP,463,506,43,139000,0.14,19.46,4,,,,26.89,b,
Dendra2 (Red),553,573,20,35000,0.55,19.25,6.9,m,,4.4,26.12,pc,
Dronpa-3 (On),490,515,25,58000,0.33,19.14,,m,,,25.43,ps,
Sapphire,399,511,112,29000,0.64,18.56,4.9,wd,38.4,,26.84,b,H9-40
EBFP1.2,379,446,67,41000,0.45,18.45,6.6,m,,,26.86,b,
rsEGFP2 (On),478,503,25,61300,0.3,18.39,5.8,m,20,,26.94,ps,
FusionRed,580,608,28,94500,0.19,17.95,4.6,m,130,,25.58,b,
EBFP2,383,448,65,32000,0.56,17.92,5.3,m,25,3,26.9,b,
CyPet,435,477,42,35000,0.51,17.85,5.02,wd,,,26.87,b,
eforCP,589,609,20,111300,0.16,17.81,,t,,,25.66,b,
mEos3.2 (Red),572,580,8,32200,0.55,17.71,5.8,m,,,25.74,pc,
mKikGR (Red),580,591,11,28000,0.63,17.64,5.2,m,,,26.45,pc,"monomeric Kikume Green-Red, mKikGR1"
mBeRFP,446,611,165,65000,0.27,17.55,5.6,m,60,2,26.38,b,monomeric Blue light-excited RFP
mCyRFP1,528,594,66,27000,0.65,17.55,5.6,m,,3.71,26.44,b,
mKillerOrange,458,560,102,35000,0.5,17.5,,m,,,26.37,b,
RFP630,583,630,47,50000,0.35,17.5,,t,,,26.03,b,
mCherry2,589,610,21,79400,0.22,17.47,3.3,m,,,26.74,b,
moxBFP,385,448,63,31000,0.56,17.36,,m,,,26.89,b,
oxBFP,385,448,63,31000,0.56,17.36,,d,,,26.86,b,
KillerOrange,455,555,100,41200,0.42,17.3,,d,,,26.36,b,
moxDendra2 (Red),551,571,20,31200,0.55,17.16,,m,,,26.09,pc,
mClavGR2 (Red),566,583,17,32000,0.53,16.96,7.3,m,,,27.08,pc,
cFP484,456,484,28,35300,0.48,16.94,,t,,,30.45,b,clavGFP
rsEGFP (On),493,510,17,47000,0.36,16.92,6.5,m,180,,26.97,ps,
KCY-G4219,453,486,33,21100,0.8,16.88,,,,,24.84,b,
Gamillus0.1,505,524,19,20000,0.84,16.8,4,m,,,25.64,b,GFP with acid tolerance and monomeric properties to illuminate soured environments
mMaple (Red),566,583,17,30000,0.56,16.8,7.3,m,,,27.25,pc,
SCFP3A,433,474,41,30000,0.56,16.8,4.5,m,6.4,2.6,26.89,b,
IrisFP (Orange),551,580,29,35400,0.47,16.64,,t,,,25.69,mp,
CAR-GECO1 (calciumsaturated),562,609,47,63900,0.26,16.61,5.29,,,,,b,
RFP637,587,637,50,72000,0.23,16.56,,t,480,,26.09,b,
mCardinal,604,659,55,87000,0.19,16.53,5.3,m,27,,27.55,b,
mRFP1-Q66T,549,570,21,38100,0.43,16.38,,m,,,25.4,b,
mKalama1,385,456,71,36000,0.45,16.2,5.5,m,,,26.79,b,
mCerulean,433,475,42,33000,0.49,16.17,,m,6.6,,26.83,b,
mKateM41GS158C,593,648,55,73000,0.22,16.06,,m,,,25.96,b,
SBFP2,380,446,66,34000,0.47,15.98,5.5,m,,,26.84,b,
KCY-R1,461,492,31,21200,0.75,15.9,,d,,,24.87,b,
mPapaya0.7,529,541,12,23000,0.69,15.87,6.8,m,,,26.97,b,
mCherry,587,610,23,72000,0.22,15.84,4.5,m,15,1.4,26.72,b,
iq-EBFP2,386,446,60,24800,0.63,15.62,,m,,,,b,
eqFP650,592,650,58,65000,0.24,15.6,5.7,d,,,26.18,b,TurboFP650
G1,487,503,16,26000,0.6,15.6,,m,,,26.9,b,
sg12,396,508,112,18300,0.85,15.55,,,,,26.95,b,
mMiCy,470,496,26,22150,0.7,15.5,7,m,,,26.04,b,mMidori-ishi Cyan
mEos2-A69T (Green),495,509,14,24300,0.63,15.31,8.2,m,,3.4,25.87,pc,
SCFP3B,433,474,41,30000,0.5,15,4.5,m,,2.3,26.8,b,
DsRed-Express2,554,591,37,35600,0.42,14.95,,,42,,25.7,b,
mKate,588,635,47,45000,0.33,14.85,6.2,m,,,26.02,b,
mScarlet-H,551,592,41,74000,0.2,14.8,4.8,m,264,1.3,26.36,b,
Dendra (Green),488,505,17,21000,0.7,14.7,6.6,m,,,25.61,pc,
mClavGR2 (Green),488,504,16,19000,0.77,14.63,8,m,27,,27.08,pc,
td-RFP639,589,631,42,90400,0.16,14.46,,d,480,,26.17,b,
Azurite,383,447,64,26200,0.55,14.41,5,wd,18,3.65,26.88,b,BFP.B3
Dendra (Red),556,575,19,20000,0.72,14.4,6.9,m,,,25.61,pc,
miRFP670-2,643,670,27,103000,0.136,14.01,4.5,m,,,34.52,b,monomeric iRFP670-2
jRGECO1a (calciumsaturated),562,588,26,63554,0.22,13.98,6.4,,,,,o,
R-GECO1.2 (calciumsaturated),558,585,27,45040,0.31,13.96,5.42,,,,,b,
PA-GFP (On),504,517,13,17400,0.79,13.75,,m,,,26.97,pa,
iRFP713/V256C,662,680,18,94000,0.145,13.63,4.5,d,,,34.61,b,
miRFP680,661,680,19,94000,0.145,13.63,4.5,m,,,34.62,b,monomeric iRFP680
mECFP,433,475,42,33000,0.41,13.53,,m,,,26.96,b,
SuperNovaRed,579,610,31,45000,0.3,13.5,,m,,,26.35,b,"monomeric KillerRed, SuperNova"
mNeptune,600,650,50,67000,0.2,13.4,5.4,m,35,,27.41,b,mNeptune1
DsRed.T4,555,586,31,30300,0.44,13.33,,t,42.6,,25.78,b,
BFP.A5,383,447,64,27400,0.48,13.15,,wd,,3.27,26.78,b,
mCRISPRed,460,592,132,28500,0.46,13.11,2.1,m,,2.1,26.59,b,
ECFP,434,477,43,32500,0.4,13,4.7,m,,3,26.91,b,W1B
ZsYellow1,529,539,10,20000,0.65,13,,t,,,26.14,b,
Neptune,600,650,50,72000,0.18,12.96,5.8,d,35,,27.44,b,
mRaspberry,598,625,27,86000,0.15,12.9,,m,,,25.51,b,
rsFolder (Green),477,503,26,51600,0.25,12.9,5.5,m,,,26.88,ps,
GGvT,476,500,24,91000,0.14,12.74,3.8,td,,,54.79,b,
PAmCherry2 (On),570,596,26,24000,0.53,12.72,6.2,m,18,,26.74,pa,
DsRed-Express,554,586,32,30100,0.42,12.64,4.8,t,42,,25.74,b,"DsRed.T1, T1"
moxMaple3 (Red),569,584,15,24230,0.52,12.6,,m,,,27.19,pc,
iRFP670,643,670,27,114000,0.11,12.54,4,d,,,34.48,b,
mRFP1,584,607,23,50000,0.25,12.5,4.5,m,60,,25.42,b,mRFP
mMaple3 (Red),568,583,15,23970,0.52,12.46,,m,,,27.21,pc,
RFP639,588,639,51,69000,0.18,12.42,,t,90,,26.12,b,
jRCaMP1a (calciumfree),573,595,22,42735,0.29,12.39,6.48,,,,,b,
iq-mApple,568,593,25,34400,0.36,12.38,,m,,,,b,
O-GECO1 (calciumsaturated),545,563,18,53599,0.23,12.33,6.24,,,,,b,
emiRFP670,642,670,28,87400,0.14,12.24,4.5,m,,,34.19,b,enhanced miRFP670
miRFP670,642,670,28,87400,0.14,12.24,4.5,m,180,,34.49,b,
shBFP,401,458,57,15400,0.79,12.17,,wd,,,,b,
SiriusGFP,504,516,12,56600,0.214,12.11,5.29,m,,,26.97,b,
AvicFP4,500,512,12,121000,0.1,12.1,,,,,25.5,b,
W7,433,475,42,18000,0.67,12.06,,d,,,26.86,b,
H9,399,511,112,20000,0.6,12,,,,,26.96,b,
SCFP2,434,474,40,29000,0.41,11.89,3.5,m,,2.3,26.92,b,
mRFP1-Q66S,555,569,14,32900,0.35,11.52,,m,54,,25.38,b,
mTangerine,568,585,17,38000,0.3,11.4,5.7,m,,,25.37,b,
IrisFP-M159A (Green),484,513,29,62800,0.18,11.3,4.7,t,,,25.63,ps,
R-GECO1 (calciumsaturated),563,588,25,56416,0.2,11.28,5.21,,,,,b,
KillerRed,585,610,25,45000,0.25,11.25,,d,,,26.4,b,
mMaple (Green),489,505,16,15000,0.74,11.1,8.2,m,,,27.25,pc,
dsFP483,443,483,40,23900,0.46,10.99,,t,,,26.43,b,dstrCyFP
GZnP3 (GZnP3(Zn²⁺-bound)),488,512,24,23400,0.462,10.81,,m,,,,b,
PS-CFP2 (Green),490,511,21,47000,0.23,10.81,,m,,,26.68,pc,
sg11,385,506,121,12700,0.84,10.67,,,,,26.92,b,
mRFP1-Q66C,559,580,21,31800,0.33,10.49,,m,10.8,,25.4,b,
miRFP670nano,645,670,25,95000,0.108,10.26,3.7,m,100,,17.1,b,
mEosFP-F173S (Red),550,581,31,25000,0.41,10.25,6.2,m,,3.7,25.76,mp,
miRFP682,663,682,19,91000,0.112,10.19,4.5,m,,,34.56,b,monomeric iRFP682
LSSmCherry1,450,610,160,35000,0.29,10.15,6.2,m,,,26.69,b,
rsFolder2 (Green),478,503,25,44000,0.23,10.12,5.5,m,,,26.9,ps,
iRFP682,663,682,19,90000,0.11,9.9,4.5,d,,0.95,34.55,b,
R3-2+PCB,620,648,28,74000,0.13,9.62,,,,,14.96,b,
amFP486,458,486,28,40000,0.24,9.6,,t,,,25.32,b,amajGFP
PSmOrange (Far-red),634,662,28,32700,0.28,9.16,5.6,m,,,26.79,pc,
mGarnet2,598,671,73,105000,0.087,9.13,6.8,m,,0.76,25.26,b,
miRFP,674,703,29,92400,0.097,8.96,4.3,m,,,34.32,b,
Jred,584,610,26,44000,0.2,8.8,5,d,,,29.31,b,
mMaroon1,609,657,48,80000,0.11,8.8,6.2,m,20,,27.64,b,
mRhubarb713 (Pr),690,713,23,113457,0.0763,8.66,,m,,,34.5,b,
PS-CFP2 (Cyan),400,468,68,43000,0.2,8.6,,m,,,26.68,pc,
mGarnet,598,670,72,95000,0.09,8.55,7.4,m,112,0.8,25.19,b,
zFP538,528,538,10,20200,0.42,8.48,,t,,,26.17,b,"zYFP538, zoanYFP"
PAmCherry1 (On),564,595,31,18000,0.46,8.28,6.3,m,23,,26.77,pa,"PA-mCherry, PAmCherry"
miRFP670v1,644,670,26,71300,0.116,8.27,4.5,m,,,34.48,b,
W1C,435,495,60,21200,0.39,8.27,,d,,,26.82,b,
GdT,476,500,24,59000,0.14,8.26,3.8,d,,,27.02,b,dTG
rsFusionRed1 (On),577,605,28,82400,0.1,8.24,4.6,m,65,,25.59,ps,
P4-1,504,514,10,14500,0.54,7.83,,,,,26.84,b,
emiRFP703,674,703,29,90900,0.086,7.82,4.5,m,,,34.22,b,enhanced miRFP703
miRFP703,674,703,29,90900,0.086,7.82,4.5,m,,,34.51,b,
mKelly2,598,649,51,43000,0.18,7.74,5.6,m,20,,24.73,b,
mStable,597,633,36,45000,0.17,7.65,,m,,,26.09,b,
dKeima,440,616,176,24600,0.31,7.63,6.5,d,,2.78,25.05,b,
mEos2-A69T (Orange),565,580,15,11500,0.66,7.59,7.4,m,,4.2,25.87,pc,
iRFP702,673,702,29,93000,0.08,7.44,4.5,d,,,34.48,b,
deGFP2,496,517,21,21700,0.34,7.38,7.25,,,,26.85,b,
PSmOrange2 (Far-red),619,651,32,18900,0.38,7.18,5.4,m,,,26.73,pc,
miRFP702,673,702,29,88000,0.081,7.13,4.5,m,,,34.51,b,monomeric iRFP702
YGFPuv (Default),398,512,114,8800,0.81,7.13,,d,,,24.71,b,CP_YGFPuv
lanRFP-ΔS83l,521,592,71,71000,0.1,7.1,4.7,d,720,,24.72,b,
laRFP,521,592,71,71000,0.1,7.1,4.7,,,,25.77,b,
W2,432,480,48,10000,0.71,7.1,,d,,,26.84,b,
mKelly1,596,656,60,44000,0.16,7.04,5.4,m,28,,24.69,b,
REX-GECO1 (calciumsaturated),484,586,102,33300,0.21,6.99,11.7,,,,,b,
SCFP1,434,477,43,29000,0.24,6.96,3.5,m,50.9,1.5,26.93,b,
miRFP713,690,713,23,99000,0.07,6.93,3.5,m,,,34.62,b,monomeric iRFP713
iFP2.0,690,711,21,86000,0.08,6.88,,d,,,34.85,b,
pHuji,566,598,32,31000,0.22,6.82,7.7,m,,,26.99,b,
jREX-GECO1 (calciumsaturated),474,585,111,34000,0.2,6.8,11.63,,,,,b,
mIFP,683,704,21,82000,0.08,6.56,3.5,m,,,35.11,b,
iFP1.4,684,708,24,92000,0.07,6.44,4.6,m,114,,34.78,b,
SuperNovaGreen,440,510,70,28000,0.23,6.44,,m,,,26.34,b,V44A-mKillerOrange
HcRed-Tandem,590,637,47,160000,0.04,6.4,,td,,,25.91,b,t-HcRed
EBFP,380,440,60,31500,0.2,6.3,,wd,,,26.9,b,
iRFP713,690,713,23,105000,0.06,6.3,4,d,168,,34.6,b,iRFP
SOPP3,439,490,51,15000,0.41,6.15,,,,,12.09,b,
mRhubarb720 (Pr),701,720,19,94941,0.0646,6.13,,m,,,34.54,b,
SOPP2,439,491,52,14800,0.41,6.07,,,,,12.23,b,
miniSOG,447,501,54,14100,0.43,6.06,,m,,,12.33,b,mini Singlet Oxygen Generator
HcRed7,592,645,53,75000,0.08,6,,d,,,25.66,b,
miRFP720,702,720,18,98000,0.061,5.98,4.5,m,,,34.68,b,
RDSmCherry0.1,598,625,27,59600,0.1,5.96,,m,,,26.59,b,
P4-3E,384,448,64,22000,0.27,5.94,,,,,26.75,b,
mTFP0.3,458,488,30,19000,0.31,5.89,,m,,,27.51,b,
mMaple3 (Green),491,506,15,15760,0.37,5.83,,m,,,27.21,pc,
mCarmine,603,675,72,83000,0.07,5.81,5.58,m,,,27.65,b,
iRFP720,702,720,18,96000,0.06,5.76,4.5,d,,,34.64,b,
mRhubarb719 (Pr),700,719,19,83768,0.068,5.7,,m,,,34.5,b,
SOPP,440,487,47,14500,0.39,5.66,,,,,12.31,b,"singlet oxygen photosensitizing protein, Q103L miniSOG"
Maroon0.1,610,650,40,50000,0.11,5.5,,d,,,27.5,b,
moxMaple3 (Green),490,506,16,14800,0.37,5.48,,m,,,27.19,pc,
PS-CFP (Cyan),402,468,66,34000,0.16,5.44,4,m,,,27.27,pc,
BFP,381,445,64,14000,0.38,5.32,,d,,,26.84,b,P4-3
mBlueberry1,398,452,54,11000,0.48,5.28,,m,,,26.72,b,
eechRFP,574,582,8,12100,0.43,5.2,,t,,,25.6,b,
PS-CFP (Green),490,511,21,27000,0.19,5.13,6,m,,,27.27,pc,
deGFP3,508,518,10,26700,0.19,5.07,6.86,,,,26.9,b,
PAmCherry3 (On),570,596,26,21000,0.24,5.04,6.2,m,25,,26.75,pa,
RDSmCherry1,600,630,30,55400,0.09,4.99,5.6,m,,,26.64,b,
deGFP1,504,516,12,28700,0.16,4.59,8.02,,,,26.85,b,
PAmKate (On),586,628,42,25000,0.18,4.5,5.6,m,19,,26.28,pa,
LSS-mKate2,460,605,145,26000,0.17,4.42,2.7,m,150,1.4,26.2,b,
Wi-Phy,701,719,18,92991,0.047,4.37,,m,,,36.1,b,Wisconsin infrared phytofluor
rsFusionRed2 (On),580,607,27,35500,0.12,4.26,4.7,m,30,,25.6,ps,
miRFP709,683,709,26,78400,0.054,4.23,4.5,m,,,34.56,b,
eqFP670,605,670,65,70000,0.06,4.2,4.5,d,,,26.23,b,NirFP
mBanana,540,553,13,6000,0.7,4.2,6.7,m,60,,26.57,b,
KFP1 (On),580,600,20,59000,0.07,4.13,,t,,,25.82,pa,"KFP-Red, asCP.A148G/K9T/K10E"
sg50,384,450,66,16500,0.25,4.12,,,,,26.9,b,
mPlum,590,649,59,41000,0.1,4.1,4.5,m,100,,25.59,b,
rsTagRFP (ON),567,585,18,36800,0.11,4.05,6.6,m,,,26.63,ps,
deGFP4,509,518,9,26900,0.15,4.04,7.37,,,,26.85,b,
iq-mKate2,580,632,52,11600,0.34,3.94,,m,,,,b,
sg42,384,450,66,15600,0.24,3.74,,,,,26.93,b,
Pp2FbFPL30M,449,495,46,14800,0.25,3.7,,d,,,17.01,b,
TagRFP675,598,675,77,46000,0.08,3.68,5.7,m,25,0.9,26.38,b,
mRojoB,598,631,33,61000,0.06,3.66,5,m,,,26.76,b,
AQ143,595,655,60,90000,0.04,3.6,,t,,,25.79,b,
Sirius,355,424,69,15000,0.24,3.6,3,m,,,26.69,b,UMFP-4
K-GECO1 (calciumfree),572,597,25,18750,0.19,3.56,6.71,,,,,b,
mKeima,440,620,180,14400,0.24,3.46,6.5,m,180,2.93,25.05,b,
TagRFP657,611,657,46,34000,0.1,3.4,5,m,125,,26.31,b,
ECGFP,463,506,43,23900,0.14,3.35,4,,,,26.97,b,Enhanced Cyan-Green Fluorescent Protein
SNIFP,697,720,23,149200,0.022,3.28,,m,,0.63,34.72,b,"STED Near Infrared Fluorescent Protein, w4.35"
tKeima,440,616,176,14500,0.22,3.19,6.5,t,,2.4,25.03,b,
Pp2FbFP,449,495,46,14200,0.22,3.12,,d,,,16.99,b,FMN-binding fluorescent protein
rsFusionRed3 (On),580,607,27,38000,0.08,3.04,4.7,m,25,,25.57,ps,
AsRed2,576,592,16,56200,0.05,2.81,,t,,,25.7,b,
LSS-mKate1,463,624,161,31200,0.08,2.5,3.2,m,100,,26.21,b,
AvicFP2 (pre-conversion),480,515,35,59000,0.04,2.36,,,,,25.61,b,
ECFPH148D,433,475,42,3200,0.68,2.18,,,,,26.88,b,H148D
dKeima570,440,570,130,14000,0.15,2.1,,d,,,25.01,b,
REX-GECO1 (calciumfree),578,599,21,38227,0.054,2.06,4.6,,,,,b,
mHoneydew,487,562,75,17000,0.12,2.04,4,m,,,25.36,b,
cpCitrine,506,524,18,20000,0.1,2,,,,,27.26,b,
jREX-GECO1 (calciumfree),577,599,22,31746,0.061,1.94,4.6,,,,,b,
rsCherry (On),572,610,38,80000,0.02,1.6,,m,,,26.77,ps,
GCaMP6f (InabsenceofCa2+),496,513,17,2761,0.57,1.57,,,,,,o,
mNeptune681,604,681,77,38000,0.04,1.52,7.3,m,,,27.54,b,
mGrape1,595,625,30,50000,0.03,1.5,4.5,m,70,,25.43,b,
mGinger2,578,631,53,36000,0.04,1.44,6.5,m,78,,24.84,b,
mGrape3,608,646,38,40000,0.03,1.2,7,m,,,26.77,b,
mNeptune684,604,684,80,39000,0.03,1.17,6.5,m,,,27.51,b,
mGinger1,587,637,50,58000,0.02,1.16,7.9,m,106,,24.85,b,
RDSmCherry0.2,600,630,30,34400,0.03,1.03,,m,,,26.65,b,
mGrape2,605,636,31,33000,0.03,0.99,6.3,m,,,26.8,b,
mRojoA,597,633,36,48000,0.02,0.96,5.4,m,,,26.74,b,
SBFP1,380,446,66,2300,0.4,0.92,,m,,,26.85,b,
mRouge,600,637,37,43000,0.02,0.86,6.1,m,,,26.79,b,
R-GECO1 (calciumfree),576,599,23,5138,0.15,0.77,8.69,,,,,b,
CAR-GECO1 (calciumfree),576,629,53,3580,0.17,0.61,8.96,,,,,b,
jRGECO1a (calciumfree),450,595,145,4741,0.12,0.57,8.5,,,,,o,
P4,382,448,66,2100,0.24,0.5,,wd,,,26.86,b,Y66H
R-GECO1.2 (calciumfree),573,597,24,2333,0.21,0.49,8.98,,,,,b,
RDSmCherry0.5,604,636,32,23300,0.02,0.47,,m,,,26.69,b,
GZnP3 (GZnP3(apostate)),488,512,24,4000,0.112,0.45,,m,,,,b,
rsCherryRev (On),572,608,36,84000,0.005,0.42,,m,,,26.73,ps,
Sandercyanin,375,675,300,21000,0.016,0.34,,t,,,18.62,b,
HcRed,592,645,53,20000,0.015,0.3,,t,,,25.64,b,
mRtms5,588,633,45,54100,0.005,0.27,,m,,,24.96,b,
O-GECO1 (calciumfree),558,570,12,611,0.22,0.13,9.52,,,,,b,
anm2CP,572,597,25,120000,0.001,0.12,,m,,,25.89,b,
mTFP1-Y67W,424,461,37,3000,0.02,0.06,,m,,,26.93,b,
Ultramarine,586,626,40,64000,0.001,0.06,,m,216,1.6,24.93,b,
10B,,,,,,,,-,,,26.87,,
11,502,512,10,33000,,,,,,,26.93,b,
22G,,,,,,,,t,,,25.46,,
(3-F)Tyr-EGFP,484,514,30,-,,,,,,,25.62,b,
5B,,,,,,,,-,,,26.94,,
6C,,,,,,,,-,,,26.96,,
A1a,,,,,,,,-,,,26.1,,
A44-KR,397,520,123,-,,,,,,,26.38,b,A44-KillerRed
aacuCP,,,,,,,,t,,,24.98,,
AausFP2,609,,,52000,,,6,,,,25.56,b,
AausFP3,587,,,59000,,,6.5,,,,25.52,b,
AausFP4 (On),477,513,36,69000,,,,d,,,25.61,ps,
acanFP,,,,,,,,-,,,,,
aceGFP-G222E-Y220L,396,508,112,-,,,,m,,,26.8,b,
aceGFP-h,390,505,115,-,,,,,,,26.64,b,
Achilles,,,,,,,,-,,,26.77,b,
AdRed,567,612,45,-,,,4,t,,,26.06,b,
AdRed-C148S,560,599,39,-,,,,,,,26.05,b,
ahyaCP,,,,,,,,t,,,24.96,,
alajGFP1,509,517,8,-,,,,t,,,25,b,
alajGFP2,509,517,8,-,,,,t,,,24.67,b,
alajGFP3,494,504,10,-,,,,t,,,25.15,b,
amCyan1,453,486,33,-,,,,t,,,25.27,b,amCyan
amFP495,467,495,28,-,0.08,,,t,,,25.32,b,
amFP506,483,506,23,-,0.67,,,t,,,25.32,b,amFP486-E150Q
amFP515,500,515,15,-,0.006,,,t,,,25.28,b,amFP486-H199T
amilCP,,,,,,,,t,,,24.99,,
amilCP580,,,,,,,,-,,,25.01,,
amilCP586,,,,,,,,-,,,24.99,,
amilCP604,,,,,,,,-,,,25.02,,
amilFP484,420,484,64,-,,,,t,,,26.08,b,
amilFP497,477,497,20,-,,,,t,,,25.9,b,
amilFP504,488,504,16,-,,,,,,,25.56,b,
amilFP512,500,512,12,-,,,,t,,,25.93,b,
amilFP597,558,597,39,-,,,,t,,,26.09,b,
anm1GFP2,490,504,14,-,,,,d,,,25.02,b,
apulCP584,,,,,,,,t,,,24.97,,
apulFP483,420,483,63,-,,,,t,,,25.92,b,
AQ14,590,663,73,-,,,,,,,25.76,b,
asCP562,562,595,33,-,,,,t,,,25.96,b,asulCP562
asFP499,480,499,19,-,,,,d,,,25.37,b,asulGFP
asulCP,572,595,23,-,,,,,,,25.92,b,"asCP, FP595, asCP595"
atenFP,504,515,11,-,,,,,,,24.64,b,
avGFP454,410,454,44,-,,,,,,,26.9,b,
avGFP480,456,480,24,-,,,,,,,,b,
avGFP509,487,509,22,-,,,,,,,,b,
avGFP510,488,510,22,-,,,,,,,,b,
avGFP514,484,514,30,-,,,,,,,,b,
avGFP523,512,523,11,-,,,6.05,,,,,b,
AvicFP3 (pre-conversion),480,520,40,-,0.001,,,,,,25.54,b,
BDFP2.0 (Fret),587,666,79,-,,,,d,,,44.34,b,
bfloGFPc1,493,521,28,98800,0,,,d,,,,b,
BFP5,385,450,65,-,,,,,,,26.86,b,
BFPsol,,,,,,,,-,,,26.71,,
Blue102,,,,,,,,-,,,26.33,,
BR1 (BR1),450,495,45,-,0.45,,,,,,12.87,b,
cEGFP,489,507,18,-,,,,,,,27.29,b,
CFP,456,480,24,-,,,,d,,,26.91,b,Y66W
CFP4,,,,,,,,-,,,26.83,,
cgigCP,,,,,,,,-,,,25.42,,
cgigGFP,399,496,97,-,,,,,,,,b,
CheGFP1,488,500,12,-,,,,,,,25.62,b,
CheGFP2,488,508,20,-,,,,,,,26.62,b,
CheGFP3,,,,,,,,-,,,26.07,,
CheGFP4,488,500,12,-,,,,,,,26.55,b,
Clomeleon,485,535,50,-,,,,,,,26.95,b,
Clover1.5,,,,,,,,-,,,26.84,,
cpasCP,,,,,,,,-,,,25.45,,
cp-mKate,588,620,32,-,0.33,,,m,,,26.24,b,Circular Permutated mKate
Cy11.5,,,,,,,,-,,,,b,
dClavGR1.6,,,,,,,,d,,,27.07,,
dClover2,,,,,,,,d,,,26.87,,
dClover2A206K,,,,,,,,d,,,26.93,,
dfGFP,505,524,19,-,,,3.8,d,,,25.83,b,
dhorGFP,,,,,,,,-,,,26.04,,
dhorRFP,,,,,,,,-,,,24.71,,
dimer1,551,579,28,-,,,,d,,,25.92,b,
dis2RFP,573,593,20,-,,,,,,,26.37,b,
dis3GFP,503,512,9,-,,,,,,,26.02,b,
dPapaya0.1,,,,,,,,d,,,27.61,,
DrCBD,416,622,206,-,,,,m,,,34.74,b,chromophore binding domain
d-RFP618,560,618,58,-,0.35,,,d,480,,26.16,b,
Dronpa-C62S,,,,,,,,m,,,25.46,,
DspR1,556,582,26,-,,,,,,,27.04,b,
DsRed.M1,557,592,35,-,,,,m,,,25.43,b,
DsRed-Timer,,,,,,,,t,,,25.92,,
DstC1,436,482,46,-,,,,,,,27.03,b,
EaGFP,506,514,8,-,,,,,,,25.92,b,
echFP,,,,,,,,-,,,,,
echiFP,,,,,,,,-,,,25.88,,
eGFP203C,498,509,11,-,,,,d,,,26.88,b,
eGFP205C,489,509,20,-,,,,d,,,26.88,b,
EnhancedCyan-EmittingGFP,458,485,27,-,,,,,,,25.69,b,
EYFP-F46L,,,,,,,,-,,,26.96,,
fcFP,,,,,,,,-,,,28.56,,
fcomFP,,,,,,,,-,,,29.66,,
Flamindo2,504,523,19,-,,,,,,,,,
FP586,559,586,27,-,,,,,,,25.79,b,
Fpaagar,,,,,,,,-,,,,,
Fpag_frag,,,,,,,,-,,,30.02,,
Fpcondchrom,,,,,,,,-,,,25.38,,
FPmann,,,,,,,,-,,,,,
FPmcavgr7.7,,,,,,,,-,,,,,
FPrfl2.3,506,512,6,-,,,,,,,,b,
Gamillus0.5,,,,,,,,m,,,25.62,,
GCaMP2,487,508,21,-,,,,,,,50.39,b,
gdjiCP,,,,,,,,t,,,24.84,,
gfasCP,,,,,,,,t,,,24.95,,
GFP-151pyTyrCu,375,510,135,-,,,,,,,26.41,b,
GFPhal,,,,,,,,-,,,26.73,,
GFP-Tyr151pyz,397,508,111,-,,,,,,,26.71,b,
GFPxm16,485,504,19,-,0.74,,,m,,,26.98,b,
GFPxm161,500,510,10,-,,,,m,,,27,b,
GFPxm162,514,525,11,-,,,,m,,,27.03,b,
GFPxm163,512,523,11,-,1,,,m,,,27.05,b,
GFPxm18,472,502,30,-,0.96,,,m,,,27,b,
GFPxm181uv,398,514,116,-,,,,m,,,27.02,b,
GFPxm18uv,400,513,113,-,,,,m,,,27.02,b,
GFPxm19,475,502,27,-,0.7,,,m,,,27,b,
GFPxm191uv,498,510,12,-,,,,m,,,27,b,
GFPxm19uv,393,505,112,-,,,,m,,,27.01,b,
gtenCP,,,,,,,,-,,,24.92,,
HcRed1-Blue,408,455,47,-,,,,t,,,25.62,b,
hcriCP,,,,,,,,-,,,25.64,,
hcriGFP,405,500,95,-,,,,,,,25.34,b,
hfriFP,,,,,,,,-,,,26.91,,
hmGFP,490,510,20,-,,,,,,,25.9,b,
HriCFP,450,495,45,-,,,,m,,,15.62,b,
HriGFP,507,527,20,-,,,,m,,,15.72,b,
iLov,447,497,50,-,0.44,,,,,,14.27,o,981
Katushka-9-5,588,635,47,-,,,,d,27.4,,26.29,b,
KCY-G4219-38L,464,494,30,-,,,,,,,24.83,b,
KCY-R1-158A,459,489,30,-,,,,,,,24.85,b,
KCY-R1-38H,459,489,30,-,,,,,,,24.88,b,
KCY-R1-38L,467,496,29,13000,,,,,,,24.85,b,
KikG,,,,,,,,t,,,25.88,,
KOFP-7 (KOFP-7),450,496,46,-,0.61,,,,,,16.67,b,
laesGFP,491,506,15,-,,,,,,,24.93,b,
laGFP,502,511,9,-,,,,,,,25.88,b,
LEA,,,,,,,,-,,,26.41,,
mc1,508,582,74,-,,,,,,,25.82,b,
mc2,505,515,10,-,,,,,,,26.02,b,
mc3,505,515,10,-,,,,,,,26.81,b,
mc4,505,515,10,-,,,,,,,26.05,b,
mc5,435,495,60,-,,,,,,,25.84,b,
mc6,495,507,12,-,,,,,,,25.83,b,
McaG1,492,514,22,-,,,,,,,26.06,b,
McaG1ea,492,514,22,-,,,,,,,25.96,b,
McaG2,492,502,10,-,,,,,,,25.91,b,mcavGFP2
mcavFP,440,510,70,-,,,,,,,25.85,b,
mcavGFP,506,516,10,-,,,,,,,26.74,b,
mcavRFP,508,580,72,-,,,,,,,25.87,b,
mcCFP,432,477,45,-,0.385,,,t,,2.66,25.78,b,
mcFP497,,,,,,,,-,,,25.89,,
mcFP503,,,,,,,,-,,,25.71,,
mcFP506,,,,,,,,-,,,25.74,,
mCherry1.5,,,,,,,,m,,,26.71,,
mClavGR1,,,,,,,,m,,,26.99,,
mClavGR1.1,,,,,,,,m,,,27.1,,
mClavGR1.8,,,,,,,,m,,,27.1,,
mClover1.5,,,,,,,,m,,,26.9,,
mcRFP,,,,,,,,-,,,25.88,,
meffCP,,,,,,,,t,,,24.97,,
mEos2-NA,,,,,,,,m,,,25.75,,
meruFP,,,,,,,,-,,,25.93,,
MfaG1,492,508,16,-,,,,,,,25.98,b,
miniSOG2,429,507,78,-,,,,,,,12.44,b,
miniSOGQ103V,440,487,47,-,0.43,,,m,,,12.3,b,
mKate2.5,,,,,,,,m,,,25.65,,
mKeima (pH5),586,620,34,-,,,6.5,m,,,25.05,b,
mKeima (pH6),440,620,180,-,,,6.5,m,,,25.05,b,
mKeima (pH8),440,620,180,-,,,6.5,m,,,25.05,b,
mKeima (pH4),586,620,34,-,,,6.5,m,,,25.05,b,
mKG,494,507,13,-,,,,m,,,24.42,b,
mK-GO (Late),548,561,13,42000,,,4.8,m,360,,24.46,o,mKusabira Green Orange
mK-GO (Early),500,509,9,35900,,,6,m,,,24.46,o,mKusabira Green Orange
mMaple2 (Green),492,506,14,-,,,,wd,,,27.15,pc,
mMaple2 (Red),570,582,12,-,,,,wd,,,27.15,pc,
mmGFP,398,505,107,-,0.645,,,m,1440,3.1,23.72,b,
mOFP.T.12,,,,,,,,m,,,26.7,,
mOFP.T.8,,,,,,,,m,,,26.73,,
montFP,,,,,,,,-,,,20.66,,
Montiporasp.#20-9115,580,606,26,-,,,,,,,24.99,b,
moxEos3.2,,,,,,,,m,,,25.75,,
mPA-GFP,,,,,,,,m,,,27.03,,
mPapaya0.3,,,,,,,,m,,,26.93,,
mPapaya0.6,,,,,,,,m,,,26.96,,
mPlum-E16P,590,630,40,-,0.14,,4.7,m,,,25.56,b,
mRed7,589,606,17,-,,,,m,,0.43,26.21,b,
mRed7Q1,560,591,31,-,,,,m,,2.29,26.28,b,
mRed7Q1S1,569,595,26,-,,,,m,,,26.29,b,
mRed7Q1S1BM,569,596,27,-,,,,m,,3.3,26.36,b,
mRFP1.1,589,612,23,-,,,,m,,,25.41,b,
mRFP1.2,590,612,22,-,,,,m,,,25.55,b,
mRFP1.3,,,,,,,,m,,,26.75,,
mRFP1.4,,,,,,,,m,,,26.76,,
mRFP1.5,,,,,,,,m,,,26.74,,
mTFP*,468,495,27,-,,,,m,,,25.31,b,
mTFP0.4,,,,,,,,m,,,27.48,,
mTFP0.5,,,,,,,,m,,,27.48,,
mTFP0.6,,,,,,,,m,,,27.04,,
mTFP0.8,,,,,,,,m,,,26.94,,
mTFP0.9,,,,,,,,m,,,26.88,,
mTFP1-Y67H,,,,,,,,m,,,26.88,,
mTurquoise-146G,,,,,,,,m,,,26.82,,
mTurquoise-146S,,,,,,,,m,,,26.85,,
mTurquoise2-G,,,,,,,,m,,,26.86,,
mTurquoise-DR,,,,,,,,m,,,26.94,,
mTurquoise-GL,,,,,,,,m,,,26.84,,
mTurquoise-GV,,,,,,,,m,,,26.82,,
mTurquoise-RA,,,,,,,,m,,,26.89,,
NpR3784g,,,,,,,,m,,,17.13,,
OFPxm,509,523,14,-,0.25,,,m,,,27.02,b,
P11,471,502,31,-,,,,,,,26.9,b,
P9,471,502,31,-,,,,,,,26.9,b,
Padron(star) (On),503,522,19,-,,,,m,,,25.48,o,Padron*
PdaC1,480,492,12,-,,,,,,,25.09,b,
PDM1-4,,,,,,,,t,,,25.47,,
pHluorin2 (acidic),475,509,34,-,,,,,,,26.93,o,
pHluorin2 (alkaline),395,509,114,-,,,,,,,26.93,o,
"pHluorin,ecliptic (acidic)",395,509,114,-,,,,,,,26.99,o,"ecliptic pHluorin, pHluorin"
"pHluorin,ecliptic",395,509,114,-,,,7.1,,,,26.99,o,"ecliptic pHluorin, pHluorin"
"pHluorin,ratiometric (acidic)",475,509,34,-,,,,,,,26.96,o,ratiometric pHluorin; pHluorin
"pHluorin,ratiometric (alkaline)",395,509,114,-,,,,,,,26.96,o,ratiometric pHluorin; pHluorin
psupFP,,,,,,,,-,,,,,
ptilGFP,500,508,8,-,,,,,,,27.05,b,
Q80R,,,,,,,,-,,,26.91,,
RCaMP,575,602,27,-,0.14,,,,,,49.27,b,
R-FlincA,560,585,25,-,,,,,,,,b,
rfloGFP,508,518,10,-,,,,,,,26.01,b,
rfloGFP2,,,,,,,,-,,,,,
rfloRFP,566,574,8,-,,,,,,,,b,
RFP618,560,618,58,-,0.35,,,t,360,,26.1,b,
roGFP1,475,508,33,-,,,,,,,26.83,b,
roGFP1-R1,400,508,108,-,,,,,,,26.94,b,
roGFP1-R8,400,511,111,-,,,,,,,26.88,b,
roGFP2,490,511,21,-,,,,,,,26.87,b,
RpBphP1,,,,,,,,-,,,34.5,,
RpBphP2,,,,,,,,-,,,34.56,,
RpBphP6,,,,,,,,-,,,34.53,,
rrenGFP,485,508,23,-,,,,,,,25.99,b,
rrGFP,,,,,,,,-,,,26.18,,
rsCherryRev1.4 (On),572,609,37,-,,,,d,,,26.71,ps,
RSGFP1,,,,,,,,-,,,26.79,,
RSGFP2,,,,,,,,-,,,26.85,,
RSGFP3,,,,,,,,-,,,26.83,,
RSGFP4,,,,,,,,-,,,26.83,,
RSGFP6,,,,,,,,-,,,26.84,,
RSGFP7,,,,,,,,-,,,26.84,,
Rtms5,,,,,,,,t,,,24.81,,
SAASoti (Green),510,519,9,-,,,,t,,,25.15,pc,
SAASoti (Red),510,589,79,-,,,,t,,,25.15,pc,
scleFP1,,,,,,,,-,,,16.71,,
scleFP2,,,,,,,,-,,,16.51,,
scubGFP1,497,506,9,-,,,,,,,,b,
scubGFP2,497,506,9,-,,,,,,,,b,
secBFP2,399,456,57,-,,,,m,,,26.31,b,
sfCherry,,,,,,,,m,,,25.48,b,
sfCherry2,,,,,,,,m,,,25.26,b,
sfCherry3C,,,,,,,,m,,,25.48,b,
SH3 (SH3),450,495,45,-,0.4,,,,,,12.94,b,
ShG24,486,506,20,-,,,,m,,,26.96,b,
ShyRFP (Yellowstate),450,596,146,30000,,,,m,,,26.9,mp,
spisCP,,,,,,,,t,,,24.95,,
stylCP,,,,,,,,t,,,24.95,,
SuperfoldermTurquoise2,434,474,40,-,,,,m,,,26.85,b,sfTq2
SuperfoldermTurquoise2ox,434,474,40,-,,,,m,,,26.84,b,sfTq2ox
sympFP,,,,,,,,-,,,,,
TeAPCα,,,,,,,,d,,,14.89,,
tPapaya0.01,,,,,,,,t,,,27.53,,
Trp-lessGFP,,,,,,,,-,,,25.6,,
TurboGFP-V197L,482,502,20,-,,,,d,,,24.4,b,
V127TSAASoti (Green),509,519,10,75000,,,,m,,,25.15,pc,
V127TSAASoti (Red),579,589,10,24000,,,,m,,,25.15,pc,
vsGFP,,,,,,,,d,,,26.83,,
Xpa,,,,,,,,-,,,,pa,
yEGFP,,,,,,,,-,,,26.94,,
YFP3,,,,,,,,-,,,26.98,,
zGFP,,,,,,,,-,,,26.04,,
zoan2RFP,552,576,24,-,,,,,,,26.4,b,zoanRFP
zRFP,,,,,,,,-,,,25.94,,
